"Raw Data File","tracer molecule","labelled positions","Abundance [%]","Injection","Replicate","Incubation time [hours]","Metabolite name","CHEBI identifier","atomic positions of fragment","Empirical formula derivatized molecule/fragment","m/z monitored","signal intensity","isotopologue symbol","peaks abundances [%]"
"RibHyp1_01.CDF","Glucose","1,1,0,0,0,0","48","1","1","40","D-Ribose","CHEBI:16988","C1-C5","C11H14O6N","255",524,"",NA
"RibHyp1_01.CDF","Glucose","1,1,0,0,0,0","48","1","1","40","D-Ribose","CHEBI:16988","C1-C5","C11H14O6N","256",268880,"m0",82.651
"RibHyp1_01.CDF","Glucose","1,1,0,0,0,0","48","1","1","40","D-Ribose","CHEBI:16988","C1-C5","C11H14O6N","257",51823,"m1",5.907
"RibHyp1_01.CDF","Glucose","1,1,0,0,0,0","48","1","1","40","D-Ribose","CHEBI:16988","C1-C5","C11H14O6N","258",37490,"m2",8.533
"RibHyp1_01.CDF","Glucose","1,1,0,0,0,0","48","1","1","40","D-Ribose","CHEBI:16988","C1-C5","C11H14O6N","259",7381,"m3",1.087
"RibHyp1_01.CDF","Glucose","1,1,0,0,0,0","48","1","1","40","D-Ribose","CHEBI:16988","C1-C5","C11H14O6N","260",7234,"m4",1.779
"RibHyp1_01.CDF","Glucose","1,1,0,0,0,0","48","1","1","40","D-Ribose","CHEBI:16988","C1-C5","C11H14O6N","261",771,"m5",0.043
"RibHyp1_01.CDF","Glucose","1,1,0,0,0,0","48","1","1","40","D-Ribose","CHEBI:16988","C1-C5","C11H14O6N","262",206,"",NA
"RibHyp1_02.CDF","Glucose","1,1,0,0,0,0","48","2","1","40","D-Ribose","CHEBI:16988","C1-C5","C11H14O6N","255",932,"",NA
"RibHyp1_02.CDF","Glucose","1,1,0,0,0,0","48","2","1","40","D-Ribose","CHEBI:16988","C1-C5","C11H14O6N","256",1179902,"m0",82.872
"RibHyp1_02.CDF","Glucose","1,1,0,0,0,0","48","2","1","40","D-Ribose","CHEBI:16988","C1-C5","C11H14O6N","257",226332,"m1",5.849
"RibHyp1_02.CDF","Glucose","1,1,0,0,0,0","48","2","1","40","D-Ribose","CHEBI:16988","C1-C5","C11H14O6N","258",163847,"m2",8.523
"RibHyp1_02.CDF","Glucose","1,1,0,0,0,0","48","2","1","40","D-Ribose","CHEBI:16988","C1-C5","C11H14O6N","259",31919,"m3",1.063
"RibHyp1_02.CDF","Glucose","1,1,0,0,0,0","48","2","1","40","D-Ribose","CHEBI:16988","C1-C5","C11H14O6N","260",30137,"m4",1.681
"RibHyp1_02.CDF","Glucose","1,1,0,0,0,0","48","2","1","40","D-Ribose","CHEBI:16988","C1-C5","C11H14O6N","261",2751,"m5",0.012
"RibHyp1_02.CDF","Glucose","1,1,0,0,0,0","48","2","1","40","D-Ribose","CHEBI:16988","C1-C5","C11H14O6N","262",873,"",NA
"RibHyp1_03.CDF","Glucose","1,1,0,0,0,0","48","3","1","40","D-Ribose","CHEBI:16988","C1-C5","C11H14O6N","255",971,"",NA
"RibHyp1_03.CDF","Glucose","1,1,0,0,0,0","48","3","1","40","D-Ribose","CHEBI:16988","C1-C5","C11H14O6N","256",1069286,"m0",83.191
"RibHyp1_03.CDF","Glucose","1,1,0,0,0,0","48","3","1","40","D-Ribose","CHEBI:16988","C1-C5","C11H14O6N","257",203649,"m1",5.76
"RibHyp1_03.CDF","Glucose","1,1,0,0,0,0","48","3","1","40","D-Ribose","CHEBI:16988","C1-C5","C11H14O6N","258",144834,"m2",8.3
"RibHyp1_03.CDF","Glucose","1,1,0,0,0,0","48","3","1","40","D-Ribose","CHEBI:16988","C1-C5","C11H14O6N","259",29001,"m3",1.099
"RibHyp1_03.CDF","Glucose","1,1,0,0,0,0","48","3","1","40","D-Ribose","CHEBI:16988","C1-C5","C11H14O6N","260",26841,"m4",1.653
"RibHyp1_03.CDF","Glucose","1,1,0,0,0,0","48","3","1","40","D-Ribose","CHEBI:16988","C1-C5","C11H14O6N","261",2229,"m5",-0.003
"RibHyp1_03.CDF","Glucose","1,1,0,0,0,0","48","3","1","40","D-Ribose","CHEBI:16988","C1-C5","C11H14O6N","262",575,"",NA
"RibHyp2_01.CDF","Glucose","1,1,0,0,0,0","48","1","2","40","D-Ribose","CHEBI:16988","C1-C5","C11H14O6N","255",1110,"",NA
"RibHyp2_01.CDF","Glucose","1,1,0,0,0,0","48","1","2","40","D-Ribose","CHEBI:16988","C1-C5","C11H14O6N","256",884720,"m0",85.496
"RibHyp2_01.CDF","Glucose","1,1,0,0,0,0","48","1","2","40","D-Ribose","CHEBI:16988","C1-C5","C11H14O6N","257",158921,"m1",5.016
"RibHyp2_01.CDF","Glucose","1,1,0,0,0,0","48","1","2","40","D-Ribose","CHEBI:16988","C1-C5","C11H14O6N","258",102387,"m2",7.049
"RibHyp2_01.CDF","Glucose","1,1,0,0,0,0","48","1","2","40","D-Ribose","CHEBI:16988","C1-C5","C11H14O6N","259",20957,"m3",1.008
"RibHyp2_01.CDF","Glucose","1,1,0,0,0,0","48","1","2","40","D-Ribose","CHEBI:16988","C1-C5","C11H14O6N","260",18820,"m4",1.414
"RibHyp2_01.CDF","Glucose","1,1,0,0,0,0","48","1","2","40","D-Ribose","CHEBI:16988","C1-C5","C11H14O6N","261",1831,"m5",0.018
"RibHyp2_01.CDF","Glucose","1,1,0,0,0,0","48","1","2","40","D-Ribose","CHEBI:16988","C1-C5","C11H14O6N","262",409,"",NA
"RibHyp2_02.CDF","Glucose","1,1,0,0,0,0","48","2","2","40","D-Ribose","CHEBI:16988","C1-C5","C11H14O6N","255",1074,"",NA
"RibHyp2_02.CDF","Glucose","1,1,0,0,0,0","48","2","2","40","D-Ribose","CHEBI:16988","C1-C5","C11H14O6N","256",1314620,"m0",85.727
"RibHyp2_02.CDF","Glucose","1,1,0,0,0,0","48","2","2","40","D-Ribose","CHEBI:16988","C1-C5","C11H14O6N","257",231912,"m1",4.761
"RibHyp2_02.CDF","Glucose","1,1,0,0,0,0","48","2","2","40","D-Ribose","CHEBI:16988","C1-C5","C11H14O6N","258",153365,"m2",7.178
"RibHyp2_02.CDF","Glucose","1,1,0,0,0,0","48","2","2","40","D-Ribose","CHEBI:16988","C1-C5","C11H14O6N","259",30596,"m3",0.968
"RibHyp2_02.CDF","Glucose","1,1,0,0,0,0","48","2","2","40","D-Ribose","CHEBI:16988","C1-C5","C11H14O6N","260",26741,"m4",1.346
"RibHyp2_02.CDF","Glucose","1,1,0,0,0,0","48","2","2","40","D-Ribose","CHEBI:16988","C1-C5","C11H14O6N","261",2661,"m5",0.02
"RibHyp2_02.CDF","Glucose","1,1,0,0,0,0","48","2","2","40","D-Ribose","CHEBI:16988","C1-C5","C11H14O6N","262",622,"",NA
"RibHyp2_03.CDF","Glucose","1,1,0,0,0,0","48","3","2","40","D-Ribose","CHEBI:16988","C1-C5","C11H14O6N","255",896,"",NA
"RibHyp2_03.CDF","Glucose","1,1,0,0,0,0","48","3","2","40","D-Ribose","CHEBI:16988","C1-C5","C11H14O6N","256",1208501,"m0",85.68
"RibHyp2_03.CDF","Glucose","1,1,0,0,0,0","48","3","2","40","D-Ribose","CHEBI:16988","C1-C5","C11H14O6N","257",216171,"m1",4.964
"RibHyp2_03.CDF","Glucose","1,1,0,0,0,0","48","3","2","40","D-Ribose","CHEBI:16988","C1-C5","C11H14O6N","258",139574,"m2",7.055
"RibHyp2_03.CDF","Glucose","1,1,0,0,0,0","48","3","2","40","D-Ribose","CHEBI:16988","C1-C5","C11H14O6N","259",27329,"m3",0.924
"RibHyp2_03.CDF","Glucose","1,1,0,0,0,0","48","3","2","40","D-Ribose","CHEBI:16988","C1-C5","C11H14O6N","260",24551,"m4",1.348
"RibHyp2_03.CDF","Glucose","1,1,0,0,0,0","48","3","2","40","D-Ribose","CHEBI:16988","C1-C5","C11H14O6N","261",2598,"m5",0.029
"RibHyp2_03.CDF","Glucose","1,1,0,0,0,0","48","3","2","40","D-Ribose","CHEBI:16988","C1-C5","C11H14O6N","262",696,"",NA
"RibHyp3_01.CDF","Glucose","1,1,0,0,0,0","48","1","3","40","D-Ribose","CHEBI:16988","C1-C5","C11H14O6N","255",566,"",NA
"RibHyp3_01.CDF","Glucose","1,1,0,0,0,0","48","1","3","40","D-Ribose","CHEBI:16988","C1-C5","C11H14O6N","256",413236,"m0",85.631
"RibHyp3_01.CDF","Glucose","1,1,0,0,0,0","48","1","3","40","D-Ribose","CHEBI:16988","C1-C5","C11H14O6N","257",73551,"m1",4.887
"RibHyp3_01.CDF","Glucose","1,1,0,0,0,0","48","1","3","40","D-Ribose","CHEBI:16988","C1-C5","C11H14O6N","258",47638,"m2",7.04
"RibHyp3_01.CDF","Glucose","1,1,0,0,0,0","48","1","3","40","D-Ribose","CHEBI:16988","C1-C5","C11H14O6N","259",10322,"m3",1.118
"RibHyp3_01.CDF","Glucose","1,1,0,0,0,0","48","1","3","40","D-Ribose","CHEBI:16988","C1-C5","C11H14O6N","260",8394,"m4",1.33
"RibHyp3_01.CDF","Glucose","1,1,0,0,0,0","48","1","3","40","D-Ribose","CHEBI:16988","C1-C5","C11H14O6N","261",691,"m5",-0.006
"RibHyp3_01.CDF","Glucose","1,1,0,0,0,0","48","1","3","40","D-Ribose","CHEBI:16988","C1-C5","C11H14O6N","262",136,"",NA
"RibHyp3_02.CDF","Glucose","1,1,0,0,0,0","48","2","3","40","D-Ribose","CHEBI:16988","C1-C5","C11H14O6N","255",770,"",NA
"RibHyp3_02.CDF","Glucose","1,1,0,0,0,0","48","2","3","40","D-Ribose","CHEBI:16988","C1-C5","C11H14O6N","256",616545,"m0",85.482
"RibHyp3_02.CDF","Glucose","1,1,0,0,0,0","48","2","3","40","D-Ribose","CHEBI:16988","C1-C5","C11H14O6N","257",109939,"m1",4.906
"RibHyp3_02.CDF","Glucose","1,1,0,0,0,0","48","2","3","40","D-Ribose","CHEBI:16988","C1-C5","C11H14O6N","258",72656,"m2",7.234
"RibHyp3_02.CDF","Glucose","1,1,0,0,0,0","48","2","3","40","D-Ribose","CHEBI:16988","C1-C5","C11H14O6N","259",14300,"m3",0.95
"RibHyp3_02.CDF","Glucose","1,1,0,0,0,0","48","2","3","40","D-Ribose","CHEBI:16988","C1-C5","C11H14O6N","260",13146,"m4",1.422
"RibHyp3_02.CDF","Glucose","1,1,0,0,0,0","48","2","3","40","D-Ribose","CHEBI:16988","C1-C5","C11H14O6N","261",1191,"m5",0.007
"RibHyp3_02.CDF","Glucose","1,1,0,0,0,0","48","2","3","40","D-Ribose","CHEBI:16988","C1-C5","C11H14O6N","262",362,"",NA
"RibHyp3_03.CDF","Glucose","1,1,0,0,0,0","48","3","3","40","D-Ribose","CHEBI:16988","C1-C5","C11H14O6N","255",721,"",NA
"RibHyp3_03.CDF","Glucose","1,1,0,0,0,0","48","3","3","40","D-Ribose","CHEBI:16988","C1-C5","C11H14O6N","256",771861,"m0",85.555
"RibHyp3_03.CDF","Glucose","1,1,0,0,0,0","48","3","3","40","D-Ribose","CHEBI:16988","C1-C5","C11H14O6N","257",136381,"m1",4.775
"RibHyp3_03.CDF","Glucose","1,1,0,0,0,0","48","3","3","40","D-Ribose","CHEBI:16988","C1-C5","C11H14O6N","258",91122,"m2",7.273
"RibHyp3_03.CDF","Glucose","1,1,0,0,0,0","48","3","3","40","D-Ribose","CHEBI:16988","C1-C5","C11H14O6N","259",18142,"m3",0.973
"RibHyp3_03.CDF","Glucose","1,1,0,0,0,0","48","3","3","40","D-Ribose","CHEBI:16988","C1-C5","C11H14O6N","260",16176,"m4",1.392
"RibHyp3_03.CDF","Glucose","1,1,0,0,0,0","48","3","3","40","D-Ribose","CHEBI:16988","C1-C5","C11H14O6N","261",1733,"m5",0.033
"RibHyp3_03.CDF","Glucose","1,1,0,0,0,0","48","3","3","40","D-Ribose","CHEBI:16988","C1-C5","C11H14O6N","262",537,"",NA
"RibNat1_01.CDF","","natural","","1","1","","D-Ribose","CHEBI:16988","C1-C5","C11H14O6N","255",3137,"",NA
"RibNat1_01.CDF","","natural","","1","1","","D-Ribose","CHEBI:16988","C1-C5","C11H14O6N","256",714380,"m0",100.016
"RibNat1_01.CDF","","natural","","1","1","","D-Ribose","CHEBI:16988","C1-C5","C11H14O6N","257",85346,"m1",-0.021
"RibNat1_01.CDF","","natural","","1","1","","D-Ribose","CHEBI:16988","C1-C5","C11H14O6N","258",14865,"m2",-0.01
"RibNat1_01.CDF","","natural","","1","1","","D-Ribose","CHEBI:16988","C1-C5","C11H14O6N","259",1523,"m3",0.008
"RibNat1_01.CDF","","natural","","1","1","","D-Ribose","CHEBI:16988","C1-C5","C11H14O6N","260",1267,"m4",-0.009
"RibNat1_01.CDF","","natural","","1","1","","D-Ribose","CHEBI:16988","C1-C5","C11H14O6N","261",363,"m5",0.015
"RibNat1_01.CDF","","natural","","1","1","","D-Ribose","CHEBI:16988","C1-C5","C11H14O6N","262",395,"",NA
"RibNat1_02.CDF","","natural","","2","1","","D-Ribose","CHEBI:16988","C1-C5","C11H14O6N","255",3031,"",NA
"RibNat1_02.CDF","","natural","","2","1","","D-Ribose","CHEBI:16988","C1-C5","C11H14O6N","256",669201,"m0",99.766
"RibNat1_02.CDF","","natural","","2","1","","D-Ribose","CHEBI:16988","C1-C5","C11H14O6N","257",81441,"m1",0.197
"RibNat1_02.CDF","","natural","","2","1","","D-Ribose","CHEBI:16988","C1-C5","C11H14O6N","258",14566,"m2",0.055
"RibNat1_02.CDF","","natural","","2","1","","D-Ribose","CHEBI:16988","C1-C5","C11H14O6N","259",1093,"m3",-0.047
"RibNat1_02.CDF","","natural","","2","1","","D-Ribose","CHEBI:16988","C1-C5","C11H14O6N","260",1349,"m4",0.018
"RibNat1_02.CDF","","natural","","2","1","","D-Ribose","CHEBI:16988","C1-C5","C11H14O6N","261",325,"m5",0.011
"RibNat1_02.CDF","","natural","","2","1","","D-Ribose","CHEBI:16988","C1-C5","C11H14O6N","262",198,"",NA
"RibNat1_03.CDF","","natural","","3","1","","D-Ribose","CHEBI:16988","C1-C5","C11H14O6N","255",3176,"",NA
"RibNat1_03.CDF","","natural","","3","1","","D-Ribose","CHEBI:16988","C1-C5","C11H14O6N","256",975103,"m0",100.149
"RibNat1_03.CDF","","natural","","3","1","","D-Ribose","CHEBI:16988","C1-C5","C11H14O6N","257",115502,"m1",-0.121
"RibNat1_03.CDF","","natural","","3","1","","D-Ribose","CHEBI:16988","C1-C5","C11H14O6N","258",19955,"m2",-0.03
"RibNat1_03.CDF","","natural","","3","1","","D-Ribose","CHEBI:16988","C1-C5","C11H14O6N","259",2233,"m3",0.026
"RibNat1_03.CDF","","natural","","3","1","","D-Ribose","CHEBI:16988","C1-C5","C11H14O6N","260",1767,"m4",-0.006
"RibNat1_03.CDF","","natural","","3","1","","D-Ribose","CHEBI:16988","C1-C5","C11H14O6N","261",133,"m5",-0.018
"RibNat1_03.CDF","","natural","","3","1","","D-Ribose","CHEBI:16988","C1-C5","C11H14O6N","262",237,"",0
"GlycHyp1_01.CDF","Glucose","1,1,0,0,0,0","48","1","1","40","Glycogen","CHEBI:28087","C1-C6","C14H18O8N","327",2196,"",NA
"GlycHyp1_01.CDF","Glucose","1,1,0,0,0,0","48","1","1","40","Glycogen","CHEBI:28087","C1-C6","C14H18O8N","328",2446098,"m0",65.802
"GlycHyp1_01.CDF","Glucose","1,1,0,0,0,0","48","1","1","40","Glycogen","CHEBI:28087","C1-C6","C14H18O8N","329",399396,"m1",-1.095
"GlycHyp1_01.CDF","Glucose","1,1,0,0,0,0","48","1","1","40","Glycogen","CHEBI:28087","C1-C6","C14H18O8N","330",1422059,"m2",33.862
"GlycHyp1_01.CDF","Glucose","1,1,0,0,0,0","48","1","1","40","Glycogen","CHEBI:28087","C1-C6","C14H18O8N","331",196738,"m3",0.122
"GlycHyp1_01.CDF","Glucose","1,1,0,0,0,0","48","1","1","40","Glycogen","CHEBI:28087","C1-C6","C14H18O8N","332",59646,"m4",1.123
"GlycHyp1_01.CDF","Glucose","1,1,0,0,0,0","48","1","1","40","Glycogen","CHEBI:28087","C1-C6","C14H18O8N","333",7591,"m5",0.033
"GlycHyp1_01.CDF","Glucose","1,1,0,0,0,0","48","1","1","40","Glycogen","CHEBI:28087","C1-C6","C14H18O8N","334",7395,"m6",0.154
"GlycHyp1_01.CDF","Glucose","1,1,0,0,0,0","48","1","1","40","Glycogen","CHEBI:28087","C1-C6","C14H18O8N","335",127,"",NA
"GlycHyp1_02.CDF","Glucose","1,1,0,0,0,0","48","2","1","40","Glycogen","CHEBI:28087","C1-C6","C14H18O8N","327",1620,"",NA
"GlycHyp1_02.CDF","Glucose","1,1,0,0,0,0","48","2","1","40","Glycogen","CHEBI:28087","C1-C6","C14H18O8N","328",1769847,"m0",65.757
"GlycHyp1_02.CDF","Glucose","1,1,0,0,0,0","48","2","1","40","Glycogen","CHEBI:28087","C1-C6","C14H18O8N","329",293369,"m1",-0.938
"GlycHyp1_02.CDF","Glucose","1,1,0,0,0,0","48","2","1","40","Glycogen","CHEBI:28087","C1-C6","C14H18O8N","330",1027502,"m2",33.767
"GlycHyp1_02.CDF","Glucose","1,1,0,0,0,0","48","2","1","40","Glycogen","CHEBI:28087","C1-C6","C14H18O8N","331",142206,"m3",0.125
"GlycHyp1_02.CDF","Glucose","1,1,0,0,0,0","48","2","1","40","Glycogen","CHEBI:28087","C1-C6","C14H18O8N","332",42838,"m4",1.111
"GlycHyp1_02.CDF","Glucose","1,1,0,0,0,0","48","2","1","40","Glycogen","CHEBI:28087","C1-C6","C14H18O8N","333",5202,"m5",0.025
"GlycHyp1_02.CDF","Glucose","1,1,0,0,0,0","48","2","1","40","Glycogen","CHEBI:28087","C1-C6","C14H18O8N","334",5315,"m6",0.153
"GlycHyp1_03.CDF","Glucose","1,1,0,0,0,0","48","3","1","40","Glycogen","CHEBI:28087","C1-C6","C14H18O8N","327",1843,"",NA
"GlycHyp1_03.CDF","Glucose","1,1,0,0,0,0","48","3","1","40","Glycogen","CHEBI:28087","C1-C6","C14H18O8N","328",1911157,"m0",65.983
"GlycHyp1_03.CDF","Glucose","1,1,0,0,0,0","48","3","1","40","Glycogen","CHEBI:28087","C1-C6","C14H18O8N","329",313581,"m1",-1.039
"GlycHyp1_03.CDF","Glucose","1,1,0,0,0,0","48","3","1","40","Glycogen","CHEBI:28087","C1-C6","C14H18O8N","330",1101163,"m2",33.633
"GlycHyp1_03.CDF","Glucose","1,1,0,0,0,0","48","3","1","40","Glycogen","CHEBI:28087","C1-C6","C14H18O8N","331",154077,"m3",0.179
"GlycHyp1_03.CDF","Glucose","1,1,0,0,0,0","48","3","1","40","Glycogen","CHEBI:28087","C1-C6","C14H18O8N","332",45115,"m4",1.075
"GlycHyp1_03.CDF","Glucose","1,1,0,0,0,0","48","3","1","40","Glycogen","CHEBI:28087","C1-C6","C14H18O8N","333",5435,"m5",0.023
"GlycHyp1_03.CDF","Glucose","1,1,0,0,0,0","48","3","1","40","Glycogen","CHEBI:28087","C1-C6","C14H18O8N","334",5482,"m6",0.147
"GlycHyp2_01.CDF","Glucose","1,1,0,0,0,0","48","1","2","40","Glycogen","CHEBI:28087","C1-C6","C14H18O8N","327",2513,"",NA
"GlycHyp2_01.CDF","Glucose","1,1,0,0,0,0","48","1","2","40","Glycogen","CHEBI:28087","C1-C6","C14H18O8N","328",3363647,"m0",63.622
"GlycHyp2_01.CDF","Glucose","1,1,0,0,0,0","48","1","2","40","Glycogen","CHEBI:28087","C1-C6","C14H18O8N","329",550138,"m1",-1.143
"GlycHyp2_01.CDF","Glucose","1,1,0,0,0,0","48","1","2","40","Glycogen","CHEBI:28087","C1-C6","C14H18O8N","330",2156304,"m2",36.225
"GlycHyp2_01.CDF","Glucose","1,1,0,0,0,0","48","1","2","40","Glycogen","CHEBI:28087","C1-C6","C14H18O8N","331",296382,"m3",0.099
"GlycHyp2_01.CDF","Glucose","1,1,0,0,0,0","48","1","2","40","Glycogen","CHEBI:28087","C1-C6","C14H18O8N","332",81887,"m4",1.054
"GlycHyp2_01.CDF","Glucose","1,1,0,0,0,0","48","1","2","40","Glycogen","CHEBI:28087","C1-C6","C14H18O8N","333",9870,"m5",0.025
"GlycHyp2_01.CDF","Glucose","1,1,0,0,0,0","48","1","2","40","Glycogen","CHEBI:28087","C1-C6","C14H18O8N","334",8296,"m6",0.12
"GlycHyp2_02.CDF","Glucose","1,1,0,0,0,0","48","2","2","40","Glycogen","CHEBI:28087","C1-C6","C14H18O8N","327",4438,"",NA
"GlycHyp2_02.CDF","Glucose","1,1,0,0,0,0","48","2","2","40","Glycogen","CHEBI:28087","C1-C6","C14H18O8N","328",6759189,"m0",63.903
"GlycHyp2_02.CDF","Glucose","1,1,0,0,0,0","48","2","2","40","Glycogen","CHEBI:28087","C1-C6","C14H18O8N","329",1087145,"m1",-1.306
"GlycHyp2_02.CDF","Glucose","1,1,0,0,0,0","48","2","2","40","Glycogen","CHEBI:28087","C1-C6","C14H18O8N","330",4307168,"m2",36.19
"GlycHyp2_02.CDF","Glucose","1,1,0,0,0,0","48","2","2","40","Glycogen","CHEBI:28087","C1-C6","C14H18O8N","331",584913,"m3",0.035
"GlycHyp2_02.CDF","Glucose","1,1,0,0,0,0","48","2","2","40","Glycogen","CHEBI:28087","C1-C6","C14H18O8N","332",160139,"m4",1.03
"GlycHyp2_02.CDF","Glucose","1,1,0,0,0,0","48","2","2","40","Glycogen","CHEBI:28087","C1-C6","C14H18O8N","333",19652,"m5",0.027
"GlycHyp2_02.CDF","Glucose","1,1,0,0,0,0","48","2","2","40","Glycogen","CHEBI:28087","C1-C6","C14H18O8N","334",16704,"m6",0.121
"GlycHyp2_03.CDF","Glucose","1,1,0,0,0,0","48","3","2","40","Glycogen","CHEBI:28087","C1-C6","C14H18O8N","327",3714,"",NA
"GlycHyp2_03.CDF","Glucose","1,1,0,0,0,0","48","3","2","40","Glycogen","CHEBI:28087","C1-C6","C14H18O8N","328",4562771,"m0",63.739
"GlycHyp2_03.CDF","Glucose","1,1,0,0,0,0","48","3","2","40","Glycogen","CHEBI:28087","C1-C6","C14H18O8N","329",741265,"m1",-1.209
"GlycHyp2_03.CDF","Glucose","1,1,0,0,0,0","48","3","2","40","Glycogen","CHEBI:28087","C1-C6","C14H18O8N","330",2919742,"m2",36.237
"GlycHyp2_03.CDF","Glucose","1,1,0,0,0,0","48","3","2","40","Glycogen","CHEBI:28087","C1-C6","C14H18O8N","331",397099,"m3",0.043
"GlycHyp2_03.CDF","Glucose","1,1,0,0,0,0","48","3","2","40","Glycogen","CHEBI:28087","C1-C6","C14H18O8N","332",109987,"m4",1.049
"GlycHyp2_03.CDF","Glucose","1,1,0,0,0,0","48","3","2","40","Glycogen","CHEBI:28087","C1-C6","C14H18O8N","333",12962,"m5",0.021
"GlycHyp2_03.CDF","Glucose","1,1,0,0,0,0","48","3","2","40","Glycogen","CHEBI:28087","C1-C6","C14H18O8N","334",11290,"m6",0.121
"GlycHyp3_01.CDF","Glucose","1,1,0,0,0,0","48","1","3","40","Glycogen","CHEBI:28087","C1-C6","C14H18O8N","327",3970,"",NA
"GlycHyp3_01.CDF","Glucose","1,1,0,0,0,0","48","1","3","40","Glycogen","CHEBI:28087","C1-C6","C14H18O8N","328",5564173,"m0",64.623
"GlycHyp3_01.CDF","Glucose","1,1,0,0,0,0","48","1","3","40","Glycogen","CHEBI:28087","C1-C6","C14H18O8N","329",907901,"m1",-1.137
"GlycHyp3_01.CDF","Glucose","1,1,0,0,0,0","48","1","3","40","Glycogen","CHEBI:28087","C1-C6","C14H18O8N","330",3409599,"m2",35.121
"GlycHyp3_01.CDF","Glucose","1,1,0,0,0,0","48","1","3","40","Glycogen","CHEBI:28087","C1-C6","C14H18O8N","331",468160,"m3",0.088
"GlycHyp3_01.CDF","Glucose","1,1,0,0,0,0","48","1","3","40","Glycogen","CHEBI:28087","C1-C6","C14H18O8N","332",140652,"m4",1.142
"GlycHyp3_01.CDF","Glucose","1,1,0,0,0,0","48","1","3","40","Glycogen","CHEBI:28087","C1-C6","C14H18O8N","333",17388,"m5",0.029
"GlycHyp3_01.CDF","Glucose","1,1,0,0,0,0","48","1","3","40","Glycogen","CHEBI:28087","C1-C6","C14H18O8N","334",15014,"m6",0.134
"GlycHyp3_02.CDF","Glucose","1,1,0,0,0,0","48","2","3","40","Glycogen","CHEBI:28087","C1-C6","C14H18O8N","327",3618,"",NA
"GlycHyp3_02.CDF","Glucose","1,1,0,0,0,0","48","2","3","40","Glycogen","CHEBI:28087","C1-C6","C14H18O8N","328",6209370,"m0",64.567
"GlycHyp3_02.CDF","Glucose","1,1,0,0,0,0","48","2","3","40","Glycogen","CHEBI:28087","C1-C6","C14H18O8N","329",1011002,"m1",-1.16
"GlycHyp3_02.CDF","Glucose","1,1,0,0,0,0","48","2","3","40","Glycogen","CHEBI:28087","C1-C6","C14H18O8N","330",3814652,"m2",35.186
"GlycHyp3_02.CDF","Glucose","1,1,0,0,0,0","48","2","3","40","Glycogen","CHEBI:28087","C1-C6","C14H18O8N","331",524055,"m3",0.09
"GlycHyp3_02.CDF","Glucose","1,1,0,0,0,0","48","2","3","40","Glycogen","CHEBI:28087","C1-C6","C14H18O8N","332",158819,"m4",1.158
"GlycHyp3_02.CDF","Glucose","1,1,0,0,0,0","48","2","3","40","Glycogen","CHEBI:28087","C1-C6","C14H18O8N","333",19339,"m5",0.027
"GlycHyp3_02.CDF","Glucose","1,1,0,0,0,0","48","2","3","40","Glycogen","CHEBI:28087","C1-C6","C14H18O8N","334",16576,"m6",0.132
"GlycHyp3_03.CDF","Glucose","1,1,0,0,0,0","48","3","3","40","Glycogen","CHEBI:28087","C1-C6","C14H18O8N","327",876,"",NA
"GlycHyp3_03.CDF","Glucose","1,1,0,0,0,0","48","3","3","40","Glycogen","CHEBI:28087","C1-C6","C14H18O8N","328",1001508,"m0",64.373
"GlycHyp3_03.CDF","Glucose","1,1,0,0,0,0","48","3","3","40","Glycogen","CHEBI:28087","C1-C6","C14H18O8N","329",167025,"m1",-0.917
"GlycHyp3_03.CDF","Glucose","1,1,0,0,0,0","48","3","3","40","Glycogen","CHEBI:28087","C1-C6","C14H18O8N","330",616159,"m2",35.093
"GlycHyp3_03.CDF","Glucose","1,1,0,0,0,0","48","3","3","40","Glycogen","CHEBI:28087","C1-C6","C14H18O8N","331",85239,"m3",0.128
"GlycHyp3_03.CDF","Glucose","1,1,0,0,0,0","48","3","3","40","Glycogen","CHEBI:28087","C1-C6","C14H18O8N","332",25781,"m4",1.159
"GlycHyp3_03.CDF","Glucose","1,1,0,0,0,0","48","3","3","40","Glycogen","CHEBI:28087","C1-C6","C14H18O8N","333",3266,"m5",0.034
"GlycHyp3_03.CDF","Glucose","1,1,0,0,0,0","48","3","3","40","Glycogen","CHEBI:28087","C1-C6","C14H18O8N","334",2657,"m6",0.13
"GlycCom1_01.CDF","","commercial","","1","1","","Glycogen","CHEBI:28087","C1-C6","C14H18O8N","328",672910,"m0",99.617
"GlycCom1_01.CDF","","commercial","","1","1","","Glycogen","CHEBI:28087","C1-C6","C14H18O8N","329",113154,"m1",2.033
"GlycCom1_01.CDF","","commercial","","1","1","","Glycogen","CHEBI:28087","C1-C6","C14H18O8N","330",20991,"m2",-1.721
"GlycCom1_01.CDF","","commercial","","1","1","","Glycogen","CHEBI:28087","C1-C6","C14H18O8N","331",1487,"m3",0.119
"GlycCom1_01.CDF","","commercial","","1","1","","Glycogen","CHEBI:28087","C1-C6","C14H18O8N","332",309,"m4",-0.042
"GlycCom1_01.CDF","","commercial","","1","1","","Glycogen","CHEBI:28087","C1-C6","C14H18O8N","333",37,"m5",-0.005
"GlycCom1_01.CDF","","commercial","","1","1","","Glycogen","CHEBI:28087","C1-C6","C14H18O8N","333",7,"m6",-0.001
"GlycCom1_02.CDF","","commercial","","2","1","","Glycogen","CHEBI:28087","C1-C6","C14H18O8N","327",880,"",NA
"GlycCom1_02.CDF","","commercial","","2","1","","Glycogen","CHEBI:28087","C1-C6","C14H18O8N","328",184642,"m0",100.083
"GlycCom1_02.CDF","","commercial","","2","1","","Glycogen","CHEBI:28087","C1-C6","C14H18O8N","329",29566,"m1",-0.455
"GlycCom1_02.CDF","","commercial","","2","1","","Glycogen","CHEBI:28087","C1-C6","C14H18O8N","330",5806,"m2",0.385
"GlycCom1_02.CDF","","commercial","","2","1","","Glycogen","CHEBI:28087","C1-C6","C14H18O8N","331",727,"m3",-0.021
"GlycCom1_02.CDF","","commercial","","2","1","","Glycogen","CHEBI:28087","C1-C6","C14H18O8N","332",155,"m4",0.007
"GlycCom1_02.CDF","","commercial","","2","1","","Glycogen","CHEBI:28087","C1-C6","C14H18O8N","333",32,"m5",0
"GlycCom1_02.CDF","","commercial","","2","1","","Glycogen","CHEBI:28087","C1-C6","C14H18O8N","333",7,"m6",0.001
"GlycCom1_03.CDF","","commercial","","3","1","","Glycogen","CHEBI:28087","C1-C6","C14H18O8N","327",1410,"",NA
"GlycCom1_03.CDF","","commercial","","3","1","","Glycogen","CHEBI:28087","C1-C6","C14H18O8N","328",311944,"m0",100.09
"GlycCom1_03.CDF","","commercial","","3","1","","Glycogen","CHEBI:28087","C1-C6","C14H18O8N","329",49901,"m1",-0.471
"GlycCom1_03.CDF","","commercial","","3","1","","Glycogen","CHEBI:28087","C1-C6","C14H18O8N","330",9846,"m2",0.399
"GlycCom1_03.CDF","","commercial","","3","1","","Glycogen","CHEBI:28087","C1-C6","C14H18O8N","331",1202,"m3",-0.031
"GlycCom1_03.CDF","","commercial","","3","1","","Glycogen","CHEBI:28087","C1-C6","C14H18O8N","332",271,"m4",0.011
"GlycCom1_03.CDF","","commercial","","3","1","","Glycogen","CHEBI:28087","C1-C6","C14H18O8N","333",62,"m5",0.002
"GlycCom1_03.CDF","","commercial","","3","1","","Glycogen","CHEBI:28087","C1-C6","C14H18O8N","333",7,"m6",0
"LacHyp1_01.CDF","Glucose","1,1,0,0,0,0","48","1","1","40","Lactate","CHEBI:24996","C1-C3","C10H13O3NF7","327",2741,"",NA
"LacHyp1_01.CDF","Glucose","1,1,0,0,0,0","48","1","1","40","Lactate","CHEBI:24996","C1-C3","C10H13O3NF7","328",96907,"m0",80.968
"LacHyp1_01.CDF","Glucose","1,1,0,0,0,0","48","1","1","40","Lactate","CHEBI:24996","C1-C3","C10H13O3NF7","329",11858,"m1",0.342
"LacHyp1_01.CDF","Glucose","1,1,0,0,0,0","48","1","1","40","Lactate","CHEBI:24996","C1-C3","C10H13O3NF7","330",24967,"m2",18.702
"LacHyp1_01.CDF","Glucose","1,1,0,0,0,0","48","1","1","40","Lactate","CHEBI:24996","C1-C3","C10H13O3NF7","331",2252,"m3",-0.012
"LacHyp1_01.CDF","Glucose","1,1,0,0,0,0","48","1","1","40","Lactate","CHEBI:24996","C1-C3","C10H13O3NF7","332",250,"",NA
"LacHyp1_02.CDF","Glucose","1,1,0,0,0,0","48","2","1","40","Lactate","CHEBI:24996","C1-C3","C10H13O3NF7","327",202879,"",NA
"LacHyp1_02.CDF","Glucose","1,1,0,0,0,0","48","2","1","40","Lactate","CHEBI:24996","C1-C3","C10H13O3NF7","328",7670682,"m0",80.997
"LacHyp1_02.CDF","Glucose","1,1,0,0,0,0","48","2","1","40","Lactate","CHEBI:24996","C1-C3","C10H13O3NF7","329",927486,"m1",0.226
"LacHyp1_02.CDF","Glucose","1,1,0,0,0,0","48","2","1","40","Lactate","CHEBI:24996","C1-C3","C10H13O3NF7","330",1979804,"m2",18.755
"LacHyp1_02.CDF","Glucose","1,1,0,0,0,0","48","2","1","40","Lactate","CHEBI:24996","C1-C3","C10H13O3NF7","331",181833,"m3",0.023
"LacHyp1_03.CDF","Glucose","1,1,0,0,0,0","48","3","1","40","Lactate","CHEBI:24996","C1-C3","C10H13O3NF7","327",182821,"",NA
"LacHyp1_03.CDF","Glucose","1,1,0,0,0,0","48","3","1","40","Lactate","CHEBI:24996","C1-C3","C10H13O3NF7","328",6937517,"m0",80.949
"LacHyp1_03.CDF","Glucose","1,1,0,0,0,0","48","3","1","40","Lactate","CHEBI:24996","C1-C3","C10H13O3NF7","329",836095,"m1",0.191
"LacHyp1_03.CDF","Glucose","1,1,0,0,0,0","48","3","1","40","Lactate","CHEBI:24996","C1-C3","C10H13O3NF7","330",1799598,"m2",18.848
"LacHyp1_03.CDF","Glucose","1,1,0,0,0,0","48","3","1","40","Lactate","CHEBI:24996","C1-C3","C10H13O3NF7","331",164267,"m3",0.012
"LacHyp2_01.CDF","Glucose","1,1,0,0,0,0","48","1","2","40","Lactate","CHEBI:24996","C1-C3","C10H13O3NF7","327",204750,"",NA
"LacHyp2_01.CDF","Glucose","1,1,0,0,0,0","48","1","2","40","Lactate","CHEBI:24996","C1-C3","C10H13O3NF7","328",7885236,"m0",81.146
"LacHyp2_01.CDF","Glucose","1,1,0,0,0,0","48","1","2","40","Lactate","CHEBI:24996","C1-C3","C10H13O3NF7","329",945811,"m1",0.152
"LacHyp2_01.CDF","Glucose","1,1,0,0,0,0","48","1","2","40","Lactate","CHEBI:24996","C1-C3","C10H13O3NF7","330",2025378,"m2",18.702
"LacHyp2_01.CDF","Glucose","1,1,0,0,0,0","48","1","2","40","Lactate","CHEBI:24996","C1-C3","C10H13O3NF7","331",183732,"m3",0.001
"LacHyp2_02.CDF","Glucose","1,1,0,0,0,0","48","2","2","40","Lactate","CHEBI:24996","C1-C3","C10H13O3NF7","327",34865,"",NA
"LacHyp2_02.CDF","Glucose","1,1,0,0,0,0","48","2","2","40","Lactate","CHEBI:24996","C1-C3","C10H13O3NF7","328",1300930,"m0",80.721
"LacHyp2_02.CDF","Glucose","1,1,0,0,0,0","48","2","2","40","Lactate","CHEBI:24996","C1-C3","C10H13O3NF7","329",159805,"m1",0.371
"LacHyp2_02.CDF","Glucose","1,1,0,0,0,0","48","2","2","40","Lactate","CHEBI:24996","C1-C3","C10H13O3NF7","330",339658,"m2",18.907
"LacHyp2_02.CDF","Glucose","1,1,0,0,0,0","48","2","2","40","Lactate","CHEBI:24996","C1-C3","C10H13O3NF7","331",30783,"m3",0.001
"LacHyp2_03.CDF","Glucose","1,1,0,0,0,0","48","3","2","40","Lactate","CHEBI:24996","C1-C3","C10H13O3NF7","327",151078,"",NA
"LacHyp2_03.CDF","Glucose","1,1,0,0,0,0","48","3","2","40","Lactate","CHEBI:24996","C1-C3","C10H13O3NF7","328",5658032,"m0",81.082
"LacHyp2_03.CDF","Glucose","1,1,0,0,0,0","48","3","2","40","Lactate","CHEBI:24996","C1-C3","C10H13O3NF7","329",686801,"m1",0.268
"LacHyp2_03.CDF","Glucose","1,1,0,0,0,0","48","3","2","40","Lactate","CHEBI:24996","C1-C3","C10H13O3NF7","330",1448361,"m2",18.606
"LacHyp2_03.CDF","Glucose","1,1,0,0,0,0","48","3","2","40","Lactate","CHEBI:24996","C1-C3","C10H13O3NF7","331",134706,"m3",0.044
"LacHyp3_01.CDF","Glucose","1,1,0,0,0,0","48","1","3","40","Lactate","CHEBI:24996","C1-C3","C10H13O3NF7","327",9107,"",NA
"LacHyp3_01.CDF","Glucose","1,1,0,0,0,0","48","1","3","40","Lactate","CHEBI:24996","C1-C3","C10H13O3NF7","328",363566,"m0",81.77
"LacHyp3_01.CDF","Glucose","1,1,0,0,0,0","48","1","3","40","Lactate","CHEBI:24996","C1-C3","C10H13O3NF7","329",43608,"m1",0.153
"LacHyp3_01.CDF","Glucose","1,1,0,0,0,0","48","1","3","40","Lactate","CHEBI:24996","C1-C3","C10H13O3NF7","330",93457,"m2",18.893
"LacHyp3_01.CDF","Glucose","1,1,0,0,0,0","48","1","3","40","Lactate","CHEBI:24996","C1-C3","C10H13O3NF7","331",4388,"m3",-0.816
"LacHyp3_02.CDF","Glucose","1,1,0,0,0,0","48","2","3","40","Lactate","CHEBI:24996","C1-C3","C10H13O3NF7","327",19872,"",NA
"LacHyp3_02.CDF","Glucose","1,1,0,0,0,0","48","2","3","40","Lactate","CHEBI:24996","C1-C3","C10H13O3NF7","328",784950,"m0",82.235
"LacHyp3_02.CDF","Glucose","1,1,0,0,0,0","48","2","3","40","Lactate","CHEBI:24996","C1-C3","C10H13O3NF7","329",93866,"m1",0.115
"LacHyp3_02.CDF","Glucose","1,1,0,0,0,0","48","2","3","40","Lactate","CHEBI:24996","C1-C3","C10H13O3NF7","330",205189,"m2",19.381
"LacHyp3_02.CDF","Glucose","1,1,0,0,0,0","48","2","3","40","Lactate","CHEBI:24996","C1-C3","C10H13O3NF7","331",0,"m3",-1.731
"LacNat1_01.CDF","","natural","","1","1","","Lactate","CHEBI:24996","C1-C3","C10H13O3NF7","327",64602,"",NA
"LacNat1_01.CDF","","natural","","1","1","","Lactate","CHEBI:24996","C1-C3","C10H13O3NF7","328",2407465,"m0",100.017
"LacNat1_01.CDF","","natural","","1","1","","Lactate","CHEBI:24996","C1-C3","C10H13O3NF7","329",269129,"m1",0.006
"LacNat1_01.CDF","","natural","","1","1","","Lactate","CHEBI:24996","C1-C3","C10H13O3NF7","330",35516,"m2",-0.042
"LacNat1_01.CDF","","natural","","1","1","","Lactate","CHEBI:24996","C1-C3","C10H13O3NF7","331",4464,"m3",0.019
"LacNat1_02.CDF","","natural","","2","1","","Lactate","CHEBI:24996","C1-C3","C10H13O3NF7","327",65253,"",NA
"LacNat1_02.CDF","","natural","","2","1","","Lactate","CHEBI:24996","C1-C3","C10H13O3NF7","328",2423371,"m0",99.983
"LacNat1_02.CDF","","natural","","2","1","","Lactate","CHEBI:24996","C1-C3","C10H13O3NF7","329",270675,"m1",-0.006
"LacNat1_02.CDF","","natural","","2","1","","Lactate","CHEBI:24996","C1-C3","C10H13O3NF7","330",37803,"m2",0.042
"LacNat1_02.CDF","","natural","","2","1","","Lactate","CHEBI:24996","C1-C3","C10H13O3NF7","331",3660,"m3",-0.019
"GluHyp1_01.CDF","Glucose","1,1,0,0,0,0","48","1","1","40","L-Glutamate","CHEBI:29985","C2-C5","C6H7O3NF3","197",15475,"",NA
"GluHyp1_01.CDF","Glucose","1,1,0,0,0,0","48","1","1","40","L-Glutamate","CHEBI:29985","C2-C5","C6H7O3NF3","198",1128384,"m0",96.677
"GluHyp1_01.CDF","Glucose","1,1,0,0,0,0","48","1","1","40","L-Glutamate","CHEBI:29985","C2-C5","C6H7O3NF3","199",110886,"m1",2.295
"GluHyp1_01.CDF","Glucose","1,1,0,0,0,0","48","1","1","40","L-Glutamate","CHEBI:29985","C2-C5","C6H7O3NF3","200",22658,"m2",0.877
"GluHyp1_01.CDF","Glucose","1,1,0,0,0,0","48","1","1","40","L-Glutamate","CHEBI:29985","C2-C5","C6H7O3NF3","201",2283,"m3",0.09
"GluHyp1_01.CDF","Glucose","1,1,0,0,0,0","48","1","1","40","L-Glutamate","CHEBI:29985","C2-C5","C6H7O3NF3","202",2714,"m4",0.06
"GluHyp1_01.CDF","Glucose","1,1,0,0,0,0","48","1","1","40","L-Glutamate","CHEBI:29985","C2-C5","C6H7O3NF3","203",1278,"",NA
"GluHyp1_02.CDF","Glucose","1,1,0,0,0,0","48","2","1","40","L-Glutamate","CHEBI:29985","C2-C5","C6H7O3NF3","197",5704,"",NA
"GluHyp1_02.CDF","Glucose","1,1,0,0,0,0","48","2","1","40","L-Glutamate","CHEBI:29985","C2-C5","C6H7O3NF3","198",472074,"m0",99.034
"GluHyp1_02.CDF","Glucose","1,1,0,0,0,0","48","2","1","40","L-Glutamate","CHEBI:29985","C2-C5","C6H7O3NF3","199",36071,"m1",0.26
"GluHyp1_02.CDF","Glucose","1,1,0,0,0,0","48","2","1","40","L-Glutamate","CHEBI:29985","C2-C5","C6H7O3NF3","200",7434,"m2",0.618
"GluHyp1_02.CDF","Glucose","1,1,0,0,0,0","48","2","1","40","L-Glutamate","CHEBI:29985","C2-C5","C6H7O3NF3","201",746,"m3",0.067
"GluHyp1_02.CDF","Glucose","1,1,0,0,0,0","48","2","1","40","L-Glutamate","CHEBI:29985","C2-C5","C6H7O3NF3","202",901,"m4",0.021
"GluHyp1_02.CDF","Glucose","1,1,0,0,0,0","48","2","1","40","L-Glutamate","CHEBI:29985","C2-C5","C6H7O3NF3","203",552,"",NA
"GluHyp1_03.CDF","Glucose","1,1,0,0,0,0","48","3","1","40","L-Glutamate","CHEBI:29985","C2-C5","C6H7O3NF3","197",5814,"",NA
"GluHyp1_03.CDF","Glucose","1,1,0,0,0,0","48","3","1","40","L-Glutamate","CHEBI:29985","C2-C5","C6H7O3NF3","198",469219,"m0",99.037
"GluHyp1_03.CDF","Glucose","1,1,0,0,0,0","48","3","1","40","L-Glutamate","CHEBI:29985","C2-C5","C6H7O3NF3","199",35839,"m1",0.257
"GluHyp1_03.CDF","Glucose","1,1,0,0,0,0","48","3","1","40","L-Glutamate","CHEBI:29985","C2-C5","C6H7O3NF3","200",7373,"m2",0.615
"GluHyp1_03.CDF","Glucose","1,1,0,0,0,0","48","3","1","40","L-Glutamate","CHEBI:29985","C2-C5","C6H7O3NF3","201",750,"m3",0.069
"GluHyp1_03.CDF","Glucose","1,1,0,0,0,0","48","3","1","40","L-Glutamate","CHEBI:29985","C2-C5","C6H7O3NF3","202",900,"m4",0.022
"GluHyp1_03.CDF","Glucose","1,1,0,0,0,0","48","3","1","40","L-Glutamate","CHEBI:29985","C2-C5","C6H7O3NF3","203",514,"",NA
"GluHyp2_01.CDF","Glucose","1,1,0,0,0,0","48","1","2","40","L-Glutamate","CHEBI:29985","C2-C5","C6H7O3NF3","197",5558,"",NA
"GluHyp2_01.CDF","Glucose","1,1,0,0,0,0","48","1","2","40","L-Glutamate","CHEBI:29985","C2-C5","C6H7O3NF3","198",433440,"m0",99.062
"GluHyp2_01.CDF","Glucose","1,1,0,0,0,0","48","1","2","40","L-Glutamate","CHEBI:29985","C2-C5","C6H7O3NF3","199",33099,"m1",0.256
"GluHyp2_01.CDF","Glucose","1,1,0,0,0,0","48","1","2","40","L-Glutamate","CHEBI:29985","C2-C5","C6H7O3NF3","200",6714,"m2",0.594
"GluHyp2_01.CDF","Glucose","1,1,0,0,0,0","48","1","2","40","L-Glutamate","CHEBI:29985","C2-C5","C6H7O3NF3","201",674,"m3",0.066
"GluHyp2_01.CDF","Glucose","1,1,0,0,0,0","48","1","2","40","L-Glutamate","CHEBI:29985","C2-C5","C6H7O3NF3","202",834,"m4",0.023
"GluHyp2_01.CDF","Glucose","1,1,0,0,0,0","48","1","2","40","L-Glutamate","CHEBI:29985","C2-C5","C6H7O3NF3","203",578,"",NA
"GluHyp2_02.CDF","Glucose","1,1,0,0,0,0","48","2","2","40","L-Glutamate","CHEBI:29985","C2-C5","C6H7O3NF3","197",5535,"",NA
"GluHyp2_02.CDF","Glucose","1,1,0,0,0,0","48","2","2","40","L-Glutamate","CHEBI:29985","C2-C5","C6H7O3NF3","198",421641,"m0",99.068
"GluHyp2_02.CDF","Glucose","1,1,0,0,0,0","48","2","2","40","L-Glutamate","CHEBI:29985","C2-C5","C6H7O3NF3","199",32170,"m1",0.25
"GluHyp2_02.CDF","Glucose","1,1,0,0,0,0","48","2","2","40","L-Glutamate","CHEBI:29985","C2-C5","C6H7O3NF3","200",6536,"m2",0.595
"GluHyp2_02.CDF","Glucose","1,1,0,0,0,0","48","2","2","40","L-Glutamate","CHEBI:29985","C2-C5","C6H7O3NF3","201",656,"m3",0.066
"GluHyp2_02.CDF","Glucose","1,1,0,0,0,0","48","2","2","40","L-Glutamate","CHEBI:29985","C2-C5","C6H7O3NF3","202",804,"m4",0.021
"GluHyp2_02.CDF","Glucose","1,1,0,0,0,0","48","2","2","40","L-Glutamate","CHEBI:29985","C2-C5","C6H7O3NF3","203",585,"",NA
"GluHyp2_03.CDF","Glucose","1,1,0,0,0,0","48","3","2","40","L-Glutamate","CHEBI:29985","C2-C5","C6H7O3NF3","197",6791,"",NA
"GluHyp2_03.CDF","Glucose","1,1,0,0,0,0","48","3","2","40","L-Glutamate","CHEBI:29985","C2-C5","C6H7O3NF3","198",561036,"m0",99.082
"GluHyp2_03.CDF","Glucose","1,1,0,0,0,0","48","3","2","40","L-Glutamate","CHEBI:29985","C2-C5","C6H7O3NF3","199",42759,"m1",0.242
"GluHyp2_03.CDF","Glucose","1,1,0,0,0,0","48","3","2","40","L-Glutamate","CHEBI:29985","C2-C5","C6H7O3NF3","200",8667,"m2",0.591
"GluHyp2_03.CDF","Glucose","1,1,0,0,0,0","48","3","2","40","L-Glutamate","CHEBI:29985","C2-C5","C6H7O3NF3","201",871,"m3",0.066
"GluHyp2_03.CDF","Glucose","1,1,0,0,0,0","48","3","2","40","L-Glutamate","CHEBI:29985","C2-C5","C6H7O3NF3","202",1061,"m4",0.02
"GluHyp2_03.CDF","Glucose","1,1,0,0,0,0","48","3","2","40","L-Glutamate","CHEBI:29985","C2-C5","C6H7O3NF3","203",653,"",NA
"GluHyp3_01.CDF","Glucose","1,1,0,0,0,0","48","1","3","40","L-Glutamate","CHEBI:29985","C2-C5","C6H7O3NF3","197",3333,"",NA
"GluHyp3_01.CDF","Glucose","1,1,0,0,0,0","48","1","3","40","L-Glutamate","CHEBI:29985","C2-C5","C6H7O3NF3","198",407706,"m0",99.141
"GluHyp3_01.CDF","Glucose","1,1,0,0,0,0","48","1","3","40","L-Glutamate","CHEBI:29985","C2-C5","C6H7O3NF3","199",30935,"m1",0.21
"GluHyp3_01.CDF","Glucose","1,1,0,0,0,0","48","1","3","40","L-Glutamate","CHEBI:29985","C2-C5","C6H7O3NF3","200",6120,"m2",0.551
"GluHyp3_01.CDF","Glucose","1,1,0,0,0,0","48","1","3","40","L-Glutamate","CHEBI:29985","C2-C5","C6H7O3NF3","201",614,"m3",0.063
"GluHyp3_01.CDF","Glucose","1,1,0,0,0,0","48","1","3","40","L-Glutamate","CHEBI:29985","C2-C5","C6H7O3NF3","202",838,"m4",0.034
"GluHyp3_01.CDF","Glucose","1,1,0,0,0,0","48","1","3","40","L-Glutamate","CHEBI:29985","C2-C5","C6H7O3NF3","203",715,"",NA
"GluHyp3_02.CDF","Glucose","1,1,0,0,0,0","48","2","3","40","L-Glutamate","CHEBI:29985","C2-C5","C6H7O3NF3","197",2718,"",NA
"GluHyp3_02.CDF","Glucose","1,1,0,0,0,0","48","2","3","40","L-Glutamate","CHEBI:29985","C2-C5","C6H7O3NF3","198",337411,"m0",99.105
"GluHyp3_02.CDF","Glucose","1,1,0,0,0,0","48","2","3","40","L-Glutamate","CHEBI:29985","C2-C5","C6H7O3NF3","199",25725,"m1",0.245
"GluHyp3_02.CDF","Glucose","1,1,0,0,0,0","48","2","3","40","L-Glutamate","CHEBI:29985","C2-C5","C6H7O3NF3","200",5086,"m2",0.555
"GluHyp3_02.CDF","Glucose","1,1,0,0,0,0","48","2","3","40","L-Glutamate","CHEBI:29985","C2-C5","C6H7O3NF3","201",499,"m3",0.06
"GluHyp3_02.CDF","Glucose","1,1,0,0,0,0","48","2","3","40","L-Glutamate","CHEBI:29985","C2-C5","C6H7O3NF3","202",691,"m4",0.034
"GluHyp3_02.CDF","Glucose","1,1,0,0,0,0","48","2","3","40","L-Glutamate","CHEBI:29985","C2-C5","C6H7O3NF3","203",497,"",NA
"GluHyp3_03.CDF","Glucose","1,1,0,0,0,0","48","3","3","40","L-Glutamate","CHEBI:29985","C2-C5","C6H7O3NF3","197",3456,"",NA
"GluHyp3_03.CDF","Glucose","1,1,0,0,0,0","48","3","3","40","L-Glutamate","CHEBI:29985","C2-C5","C6H7O3NF3","198",430150,"m0",99.128
"GluHyp3_03.CDF","Glucose","1,1,0,0,0,0","48","3","3","40","L-Glutamate","CHEBI:29985","C2-C5","C6H7O3NF3","199",32691,"m1",0.222
"GluHyp3_03.CDF","Glucose","1,1,0,0,0,0","48","3","3","40","L-Glutamate","CHEBI:29985","C2-C5","C6H7O3NF3","200",6473,"m2",0.554
"GluHyp3_03.CDF","Glucose","1,1,0,0,0,0","48","3","3","40","L-Glutamate","CHEBI:29985","C2-C5","C6H7O3NF3","201",641,"m3",0.061
"GluHyp3_03.CDF","Glucose","1,1,0,0,0,0","48","3","3","40","L-Glutamate","CHEBI:29985","C2-C5","C6H7O3NF3","202",880,"m4",0.034
"GluHyp3_03.CDF","Glucose","1,1,0,0,0,0","48","3","3","40","L-Glutamate","CHEBI:29985","C2-C5","C6H7O3NF3","203",655,"",NA
"GluNat1_01.CDF","","natural","","1","1","","L-Glutamate","CHEBI:29985","C2-C5","C6H7O3NF3","197",2039,"",NA
"GluNat1_01.CDF","","natural","","1","1","","L-Glutamate","CHEBI:29985","C2-C5","C6H7O3NF3","198",196294,"m0",100.02
"GluNat1_01.CDF","","natural","","1","1","","L-Glutamate","CHEBI:29985","C2-C5","C6H7O3NF3","199",14398,"m1",-0.022
"GluNat1_01.CDF","","natural","","1","1","","L-Glutamate","CHEBI:29985","C2-C5","C6H7O3NF3","200",1772,"m2",-0.001
"GluNat1_01.CDF","","natural","","1","1","","L-Glutamate","CHEBI:29985","C2-C5","C6H7O3NF3","201",114,"m3",0.001
"GluNat1_01.CDF","","natural","","1","1","","L-Glutamate","CHEBI:29985","C2-C5","C6H7O3NF3","202",323,"m4",0.001
"GluNat1_01.CDF","","natural","","1","1","","L-Glutamate","CHEBI:29985","C2-C5","C6H7O3NF3","203",280,"",NA
"GluNat1_02.CDF","","natural","","2","1","","L-Glutamate","CHEBI:29985","C2-C5","C6H7O3NF3","197",3722,"",NA
"GluNat1_02.CDF","","natural","","2","1","","L-Glutamate","CHEBI:29985","C2-C5","C6H7O3NF3","198",362166,"m0",99.993
"GluNat1_02.CDF","","natural","","2","1","","L-Glutamate","CHEBI:29985","C2-C5","C6H7O3NF3","199",26681,"m1",0.009
"GluNat1_02.CDF","","natural","","2","1","","L-Glutamate","CHEBI:29985","C2-C5","C6H7O3NF3","200",3272,"m2",-0.002
"GluNat1_02.CDF","","natural","","2","1","","L-Glutamate","CHEBI:29985","C2-C5","C6H7O3NF3","201",205,"m3",0
"GluNat1_02.CDF","","natural","","2","1","","L-Glutamate","CHEBI:29985","C2-C5","C6H7O3NF3","202",592,"m4",0
"GluNat1_02.CDF","","natural","","2","1","","L-Glutamate","CHEBI:29985","C2-C5","C6H7O3NF3","203",480,"",NA
"GluNat1_03.CDF","","natural","","3","1","","L-Glutamate","CHEBI:29985","C2-C5","C6H7O3NF3","197",4406,"",NA
"GluNat1_03.CDF","","natural","","3","1","","L-Glutamate","CHEBI:29985","C2-C5","C6H7O3NF3","198",433705,"m0",99.997
"GluNat1_03.CDF","","natural","","3","1","","L-Glutamate","CHEBI:29985","C2-C5","C6H7O3NF3","199",31919,"m1",0.002
"GluNat1_03.CDF","","natural","","3","1","","L-Glutamate","CHEBI:29985","C2-C5","C6H7O3NF3","200",3933,"m2",0.002
"GluNat1_03.CDF","","natural","","3","1","","L-Glutamate","CHEBI:29985","C2-C5","C6H7O3NF3","201",246,"m3",0
"GluNat1_03.CDF","","natural","","3","1","","L-Glutamate","CHEBI:29985","C2-C5","C6H7O3NF3","202",706,"m4",0
"GluNat1_03.CDF","","natural","","3","1","","L-Glutamate","CHEBI:29985","C2-C5","C6H7O3NF3","203",548,"",0
