Raw_Data_File,cells,tracer_molecule,labelled_positions,abundance,injection,Replicate,Incubation_time,Metabolite_name,CHEBI,atomic_positions,Empirical_formula,retention(min),m/z_monitored,signal_intensity,isotopologue,isotologue_abundance

Glc_BEAS2B_0h_GlucosaC1C2_1_02,Glc,,,,GlucosaC1C2,02,BEAS2B,Glucose,chebi,C1C6,C14H18O8N1,3.74,327,8948,m-1,8948
Glc_BEAS2B_0h_GlucosaC1C2_1_02,Glc,,,,GlucosaC1C2,02,BEAS2B,Glucose,chebi,C1C6,C14H18O8N1,3.74,328,9417279,m0,9417279
Glc_BEAS2B_0h_GlucosaC1C2_1_02,Glc,,,,GlucosaC1C2,02,BEAS2B,Glucose,chebi,C1C6,C14H18O8N1,3.74,329,1503994,m1,1503994
Glc_BEAS2B_0h_GlucosaC1C2_1_02,Glc,,,,GlucosaC1C2,02,BEAS2B,Glucose,chebi,C1C6,C14H18O8N1,3.74,330,9900966,m2,9900966
Glc_BEAS2B_0h_GlucosaC1C2_1_02,Glc,,,,GlucosaC1C2,02,BEAS2B,Glucose,chebi,C1C6,C14H18O8N1,3.74,331,1344051,m3,1344051
Glc_BEAS2B_0h_GlucosaC1C2_1_02,Glc,,,,GlucosaC1C2,02,BEAS2B,Glucose,chebi,C1C6,C14H18O8N1,3.74,332,248712,m4,248712
Glc_BEAS2B_0h_GlucosaC1C2_1_02,Glc,,,,GlucosaC1C2,02,BEAS2B,Glucose,chebi,C1C6,C14H18O8N1,3.74,333,26611,m5,26611
Glc_BEAS2B_0h_GlucosaC1C2_1_02,Glc,,,,GlucosaC1C2,02,BEAS2B,Glucose,chebi,C1C6,C14H18O8N1,3.74,334,5829,m6,5829

Glc_BEAS2B_0h_GlucosaC1C2_1_03,Glc,,,,GlucosaC1C2,03,BEAS2B,Glucose,chebi,C1C6,C14H18O8N1,3.74,327,4509,m-1,4509
Glc_BEAS2B_0h_GlucosaC1C2_1_03,Glc,,,,GlucosaC1C2,03,BEAS2B,Glucose,chebi,C1C6,C14H18O8N1,3.74,328,3742998,m0,3742998
Glc_BEAS2B_0h_GlucosaC1C2_1_03,Glc,,,,GlucosaC1C2,03,BEAS2B,Glucose,chebi,C1C6,C14H18O8N1,3.74,329,600723,m1,600723
Glc_BEAS2B_0h_GlucosaC1C2_1_03,Glc,,,,GlucosaC1C2,03,BEAS2B,Glucose,chebi,C1C6,C14H18O8N1,3.74,330,3940273,m2,3940273
Glc_BEAS2B_0h_GlucosaC1C2_1_03,Glc,,,,GlucosaC1C2,03,BEAS2B,Glucose,chebi,C1C6,C14H18O8N1,3.74,331,531569,m3,531569
Glc_BEAS2B_0h_GlucosaC1C2_1_03,Glc,,,,GlucosaC1C2,03,BEAS2B,Glucose,chebi,C1C6,C14H18O8N1,3.74,332,102650,m4,102650
Glc_BEAS2B_0h_GlucosaC1C2_1_03,Glc,,,,GlucosaC1C2,03,BEAS2B,Glucose,chebi,C1C6,C14H18O8N1,3.74,333,10907,m5,10907
Glc_BEAS2B_0h_GlucosaC1C2_1_03,Glc,,,,GlucosaC1C2,03,BEAS2B,Glucose,chebi,C1C6,C14H18O8N1,3.74,334,2618,m6,2618

Glc_BEAS2B_0h_GlucosaC1C2_1_04,Glc,,,,GlucosaC1C2,04,BEAS2B,Glucose,chebi,C1C6,C14H18O8N1,3.74,327,4210,m-1,4210
Glc_BEAS2B_0h_GlucosaC1C2_1_04,Glc,,,,GlucosaC1C2,04,BEAS2B,Glucose,chebi,C1C6,C14H18O8N1,3.74,328,3616622,m0,3616622
Glc_BEAS2B_0h_GlucosaC1C2_1_04,Glc,,,,GlucosaC1C2,04,BEAS2B,Glucose,chebi,C1C6,C14H18O8N1,3.74,329,580933,m1,580933
Glc_BEAS2B_0h_GlucosaC1C2_1_04,Glc,,,,GlucosaC1C2,04,BEAS2B,Glucose,chebi,C1C6,C14H18O8N1,3.74,330,3813755,m2,3813755
Glc_BEAS2B_0h_GlucosaC1C2_1_04,Glc,,,,GlucosaC1C2,04,BEAS2B,Glucose,chebi,C1C6,C14H18O8N1,3.74,331,518709,m3,518709
Glc_BEAS2B_0h_GlucosaC1C2_1_04,Glc,,,,GlucosaC1C2,04,BEAS2B,Glucose,chebi,C1C6,C14H18O8N1,3.74,332,95635,m4,95635
Glc_BEAS2B_0h_GlucosaC1C2_1_04,Glc,,,,GlucosaC1C2,04,BEAS2B,Glucose,chebi,C1C6,C14H18O8N1,3.74,333,10363,m5,10363
Glc_BEAS2B_0h_GlucosaC1C2_1_04,Glc,,,,GlucosaC1C2,04,BEAS2B,Glucose,chebi,C1C6,C14H18O8N1,3.74,334,2731,m6,2731

Glc_BEAS2B_0h_GlucosaC1C2_2_03,Glc,,,,GlucosaC1C2,03,BEAS2B,Glucose,chebi,C1C6,C14H18O8N1,3.74,327,14526,m-1,14526
Glc_BEAS2B_0h_GlucosaC1C2_2_03,Glc,,,,GlucosaC1C2,03,BEAS2B,Glucose,chebi,C1C6,C14H18O8N1,3.74,328,18920247,m0,18920247
Glc_BEAS2B_0h_GlucosaC1C2_2_03,Glc,,,,GlucosaC1C2,03,BEAS2B,Glucose,chebi,C1C6,C14H18O8N1,3.74,329,2959640,m1,2959640
Glc_BEAS2B_0h_GlucosaC1C2_2_03,Glc,,,,GlucosaC1C2,03,BEAS2B,Glucose,chebi,C1C6,C14H18O8N1,3.74,330,19690130,m2,19690130
Glc_BEAS2B_0h_GlucosaC1C2_2_03,Glc,,,,GlucosaC1C2,03,BEAS2B,Glucose,chebi,C1C6,C14H18O8N1,3.74,331,2635918,m3,2635918
Glc_BEAS2B_0h_GlucosaC1C2_2_03,Glc,,,,GlucosaC1C2,03,BEAS2B,Glucose,chebi,C1C6,C14H18O8N1,3.74,332,492209,m4,492209
Glc_BEAS2B_0h_GlucosaC1C2_2_03,Glc,,,,GlucosaC1C2,03,BEAS2B,Glucose,chebi,C1C6,C14H18O8N1,3.74,333,50399,m5,50399
Glc_BEAS2B_0h_GlucosaC1C2_2_03,Glc,,,,GlucosaC1C2,03,BEAS2B,Glucose,chebi,C1C6,C14H18O8N1,3.74,334,10845,m6,10845

Glc_BEAS2B_0h_GlucosaC1C2_2_04,Glc,,,,GlucosaC1C2,04,BEAS2B,Glucose,chebi,C1C6,C14H18O8N1,3.74,327,14130,m-1,14130
Glc_BEAS2B_0h_GlucosaC1C2_2_04,Glc,,,,GlucosaC1C2,04,BEAS2B,Glucose,chebi,C1C6,C14H18O8N1,3.74,328,19013257,m0,19013257
Glc_BEAS2B_0h_GlucosaC1C2_2_04,Glc,,,,GlucosaC1C2,04,BEAS2B,Glucose,chebi,C1C6,C14H18O8N1,3.74,329,2990873,m1,2990873
Glc_BEAS2B_0h_GlucosaC1C2_2_04,Glc,,,,GlucosaC1C2,04,BEAS2B,Glucose,chebi,C1C6,C14H18O8N1,3.74,330,19856082,m2,19856082
Glc_BEAS2B_0h_GlucosaC1C2_2_04,Glc,,,,GlucosaC1C2,04,BEAS2B,Glucose,chebi,C1C6,C14H18O8N1,3.74,331,2647848,m3,2647848
Glc_BEAS2B_0h_GlucosaC1C2_2_04,Glc,,,,GlucosaC1C2,04,BEAS2B,Glucose,chebi,C1C6,C14H18O8N1,3.74,332,495722,m4,495722
Glc_BEAS2B_0h_GlucosaC1C2_2_04,Glc,,,,GlucosaC1C2,04,BEAS2B,Glucose,chebi,C1C6,C14H18O8N1,3.74,333,51590,m5,51590
Glc_BEAS2B_0h_GlucosaC1C2_2_04,Glc,,,,GlucosaC1C2,04,BEAS2B,Glucose,chebi,C1C6,C14H18O8N1,3.74,334,11382,m6,11382

Glc_BEAS2B_0h_GlucosaC1C2_3_02,Glc,,,,GlucosaC1C2,02,BEAS2B,Glucose,chebi,C1C6,C14H18O8N1,3.74,327,13442,m-1,13442
Glc_BEAS2B_0h_GlucosaC1C2_3_02,Glc,,,,GlucosaC1C2,02,BEAS2B,Glucose,chebi,C1C6,C14H18O8N1,3.74,328,18755575,m0,18755575
Glc_BEAS2B_0h_GlucosaC1C2_3_02,Glc,,,,GlucosaC1C2,02,BEAS2B,Glucose,chebi,C1C6,C14H18O8N1,3.74,329,2925097,m1,2925097
Glc_BEAS2B_0h_GlucosaC1C2_3_02,Glc,,,,GlucosaC1C2,02,BEAS2B,Glucose,chebi,C1C6,C14H18O8N1,3.74,330,19571054,m2,19571054
Glc_BEAS2B_0h_GlucosaC1C2_3_02,Glc,,,,GlucosaC1C2,02,BEAS2B,Glucose,chebi,C1C6,C14H18O8N1,3.74,331,2599491,m3,2599491
Glc_BEAS2B_0h_GlucosaC1C2_3_02,Glc,,,,GlucosaC1C2,02,BEAS2B,Glucose,chebi,C1C6,C14H18O8N1,3.74,332,483945,m4,483945
Glc_BEAS2B_0h_GlucosaC1C2_3_02,Glc,,,,GlucosaC1C2,02,BEAS2B,Glucose,chebi,C1C6,C14H18O8N1,3.74,333,51589,m5,51589
Glc_BEAS2B_0h_GlucosaC1C2_3_02,Glc,,,,GlucosaC1C2,02,BEAS2B,Glucose,chebi,C1C6,C14H18O8N1,3.74,334,11777,m6,11777

Glc_BEAS2B_0h_GlucosaC1C2_3_03,Glc,,,,GlucosaC1C2,03,BEAS2B,Glucose,chebi,C1C6,C14H18O8N1,3.74,327,8143,m-1,8143
Glc_BEAS2B_0h_GlucosaC1C2_3_03,Glc,,,,GlucosaC1C2,03,BEAS2B,Glucose,chebi,C1C6,C14H18O8N1,3.74,328,9480885,m0,9480885
Glc_BEAS2B_0h_GlucosaC1C2_3_03,Glc,,,,GlucosaC1C2,03,BEAS2B,Glucose,chebi,C1C6,C14H18O8N1,3.74,329,1508673,m1,1508673
Glc_BEAS2B_0h_GlucosaC1C2_3_03,Glc,,,,GlucosaC1C2,03,BEAS2B,Glucose,chebi,C1C6,C14H18O8N1,3.74,330,9984016,m2,9984016
Glc_BEAS2B_0h_GlucosaC1C2_3_03,Glc,,,,GlucosaC1C2,03,BEAS2B,Glucose,chebi,C1C6,C14H18O8N1,3.74,331,1342256,m3,1342256
Glc_BEAS2B_0h_GlucosaC1C2_3_03,Glc,,,,GlucosaC1C2,03,BEAS2B,Glucose,chebi,C1C6,C14H18O8N1,3.74,332,248330,m4,248330
Glc_BEAS2B_0h_GlucosaC1C2_3_03,Glc,,,,GlucosaC1C2,03,BEAS2B,Glucose,chebi,C1C6,C14H18O8N1,3.74,333,25619,m5,25619
Glc_BEAS2B_0h_GlucosaC1C2_3_03,Glc,,,,GlucosaC1C2,03,BEAS2B,Glucose,chebi,C1C6,C14H18O8N1,3.74,334,5481,m6,5481

Glc_BEAS2B_0h_GlucosaC1C2_3_04,Glc,,,,GlucosaC1C2,04,BEAS2B,Glucose,chebi,C1C6,C14H18O8N1,3.74,327,8015,m-1,8015
Glc_BEAS2B_0h_GlucosaC1C2_3_04,Glc,,,,GlucosaC1C2,04,BEAS2B,Glucose,chebi,C1C6,C14H18O8N1,3.74,328,10107822,m0,10107822
Glc_BEAS2B_0h_GlucosaC1C2_3_04,Glc,,,,GlucosaC1C2,04,BEAS2B,Glucose,chebi,C1C6,C14H18O8N1,3.74,329,1594345,m1,1594345
Glc_BEAS2B_0h_GlucosaC1C2_3_04,Glc,,,,GlucosaC1C2,04,BEAS2B,Glucose,chebi,C1C6,C14H18O8N1,3.74,330,10631050,m2,10631050
Glc_BEAS2B_0h_GlucosaC1C2_3_04,Glc,,,,GlucosaC1C2,04,BEAS2B,Glucose,chebi,C1C6,C14H18O8N1,3.74,331,1432280,m3,1432280
Glc_BEAS2B_0h_GlucosaC1C2_3_04,Glc,,,,GlucosaC1C2,04,BEAS2B,Glucose,chebi,C1C6,C14H18O8N1,3.74,332,265703,m4,265703
Glc_BEAS2B_0h_GlucosaC1C2_3_04,Glc,,,,GlucosaC1C2,04,BEAS2B,Glucose,chebi,C1C6,C14H18O8N1,3.74,333,29089,m5,29089
Glc_BEAS2B_0h_GlucosaC1C2_3_04,Glc,,,,GlucosaC1C2,04,BEAS2B,Glucose,chebi,C1C6,C14H18O8N1,3.74,334,6483,m6,6483

Glc_BEAS2B_24h_COLD_03,Glc,,,,COLD,03,BEAS2B,Glucose,chebi,C1C6,C14H18O8N1,3.74,327,18088,m-1,18088
Glc_BEAS2B_24h_COLD_03,Glc,,,,COLD,03,BEAS2B,Glucose,chebi,C1C6,C14H18O8N1,3.74,328,24151854,m0,24151854
Glc_BEAS2B_24h_COLD_03,Glc,,,,COLD,03,BEAS2B,Glucose,chebi,C1C6,C14H18O8N1,3.74,329,3796606,m1,3796606
Glc_BEAS2B_24h_COLD_03,Glc,,,,COLD,03,BEAS2B,Glucose,chebi,C1C6,C14H18O8N1,3.74,330,680662,m2,680662
Glc_BEAS2B_24h_COLD_03,Glc,,,,COLD,03,BEAS2B,Glucose,chebi,C1C6,C14H18O8N1,3.74,331,79222,m3,79222
Glc_BEAS2B_24h_COLD_03,Glc,,,,COLD,03,BEAS2B,Glucose,chebi,C1C6,C14H18O8N1,3.74,332,14971,m4,14971
Glc_BEAS2B_24h_COLD_03,Glc,,,,COLD,03,BEAS2B,Glucose,chebi,C1C6,C14H18O8N1,3.74,333,2399,m5,2399
Glc_BEAS2B_24h_COLD_03,Glc,,,,COLD,03,BEAS2B,Glucose,chebi,C1C6,C14H18O8N1,3.74,334,549,m6,549

Glc_BEAS2B_24h_GlucosaC1C2_1_01,Glc,,,,GlucosaC1C2,01,BEAS2B,Glucose,chebi,C1C6,C14H18O8N1,3.74,327,9772,m-1,9772
Glc_BEAS2B_24h_GlucosaC1C2_1_01,Glc,,,,GlucosaC1C2,01,BEAS2B,Glucose,chebi,C1C6,C14H18O8N1,3.74,328,10330088,m0,10330088
Glc_BEAS2B_24h_GlucosaC1C2_1_01,Glc,,,,GlucosaC1C2,01,BEAS2B,Glucose,chebi,C1C6,C14H18O8N1,3.74,329,1635165,m1,1635165
Glc_BEAS2B_24h_GlucosaC1C2_1_01,Glc,,,,GlucosaC1C2,01,BEAS2B,Glucose,chebi,C1C6,C14H18O8N1,3.74,330,10879966,m2,10879966
Glc_BEAS2B_24h_GlucosaC1C2_1_01,Glc,,,,GlucosaC1C2,01,BEAS2B,Glucose,chebi,C1C6,C14H18O8N1,3.74,331,1456013,m3,1456013
Glc_BEAS2B_24h_GlucosaC1C2_1_01,Glc,,,,GlucosaC1C2,01,BEAS2B,Glucose,chebi,C1C6,C14H18O8N1,3.74,332,271948,m4,271948
Glc_BEAS2B_24h_GlucosaC1C2_1_01,Glc,,,,GlucosaC1C2,01,BEAS2B,Glucose,chebi,C1C6,C14H18O8N1,3.74,333,28460,m5,28460
Glc_BEAS2B_24h_GlucosaC1C2_1_01,Glc,,,,GlucosaC1C2,01,BEAS2B,Glucose,chebi,C1C6,C14H18O8N1,3.74,334,6548,m6,6548

Glc_BEAS2B_24h_GlucosaC1C2_1_02,Glc,,,,GlucosaC1C2,02,BEAS2B,Glucose,chebi,C1C6,C14H18O8N1,3.74,327,8116,m-1,8116
Glc_BEAS2B_24h_GlucosaC1C2_1_02,Glc,,,,GlucosaC1C2,02,BEAS2B,Glucose,chebi,C1C6,C14H18O8N1,3.74,328,8854341,m0,8854341
Glc_BEAS2B_24h_GlucosaC1C2_1_02,Glc,,,,GlucosaC1C2,02,BEAS2B,Glucose,chebi,C1C6,C14H18O8N1,3.74,329,1401653,m1,1401653
Glc_BEAS2B_24h_GlucosaC1C2_1_02,Glc,,,,GlucosaC1C2,02,BEAS2B,Glucose,chebi,C1C6,C14H18O8N1,3.74,330,9298829,m2,9298829
Glc_BEAS2B_24h_GlucosaC1C2_1_02,Glc,,,,GlucosaC1C2,02,BEAS2B,Glucose,chebi,C1C6,C14H18O8N1,3.74,331,1249335,m3,1249335
Glc_BEAS2B_24h_GlucosaC1C2_1_02,Glc,,,,GlucosaC1C2,02,BEAS2B,Glucose,chebi,C1C6,C14H18O8N1,3.74,332,235151,m4,235151
Glc_BEAS2B_24h_GlucosaC1C2_1_02,Glc,,,,GlucosaC1C2,02,BEAS2B,Glucose,chebi,C1C6,C14H18O8N1,3.74,333,25509,m5,25509
Glc_BEAS2B_24h_GlucosaC1C2_1_02,Glc,,,,GlucosaC1C2,02,BEAS2B,Glucose,chebi,C1C6,C14H18O8N1,3.74,334,5108,m6,5108

Glc_BEAS2B_24h_GlucosaC1C2_1_03,Glc,,,,GlucosaC1C2,03,BEAS2B,Glucose,chebi,C1C6,C14H18O8N1,3.74,327,4583,m-1,4583
Glc_BEAS2B_24h_GlucosaC1C2_1_03,Glc,,,,GlucosaC1C2,03,BEAS2B,Glucose,chebi,C1C6,C14H18O8N1,3.74,328,4281797,m0,4281797
Glc_BEAS2B_24h_GlucosaC1C2_1_03,Glc,,,,GlucosaC1C2,03,BEAS2B,Glucose,chebi,C1C6,C14H18O8N1,3.74,329,690988,m1,690988
Glc_BEAS2B_24h_GlucosaC1C2_1_03,Glc,,,,GlucosaC1C2,03,BEAS2B,Glucose,chebi,C1C6,C14H18O8N1,3.74,330,4520152,m2,4520152
Glc_BEAS2B_24h_GlucosaC1C2_1_03,Glc,,,,GlucosaC1C2,03,BEAS2B,Glucose,chebi,C1C6,C14H18O8N1,3.74,331,615560,m3,615560
Glc_BEAS2B_24h_GlucosaC1C2_1_03,Glc,,,,GlucosaC1C2,03,BEAS2B,Glucose,chebi,C1C6,C14H18O8N1,3.74,332,115365,m4,115365
Glc_BEAS2B_24h_GlucosaC1C2_1_03,Glc,,,,GlucosaC1C2,03,BEAS2B,Glucose,chebi,C1C6,C14H18O8N1,3.74,333,12269,m5,12269
Glc_BEAS2B_24h_GlucosaC1C2_1_03,Glc,,,,GlucosaC1C2,03,BEAS2B,Glucose,chebi,C1C6,C14H18O8N1,3.74,334,2565,m6,2565

Glc_BEAS2B_24h_GlucosaC1C2_2_01,Glc,,,,GlucosaC1C2,01,BEAS2B,Glucose,chebi,C1C6,C14H18O8N1,3.74,327,7143,m-1,7143
Glc_BEAS2B_24h_GlucosaC1C2_2_01,Glc,,,,GlucosaC1C2,01,BEAS2B,Glucose,chebi,C1C6,C14H18O8N1,3.74,328,7512366,m0,7512366
Glc_BEAS2B_24h_GlucosaC1C2_2_01,Glc,,,,GlucosaC1C2,01,BEAS2B,Glucose,chebi,C1C6,C14H18O8N1,3.74,329,1194685,m1,1194685
Glc_BEAS2B_24h_GlucosaC1C2_2_01,Glc,,,,GlucosaC1C2,01,BEAS2B,Glucose,chebi,C1C6,C14H18O8N1,3.74,330,7915625,m2,7915625
Glc_BEAS2B_24h_GlucosaC1C2_2_01,Glc,,,,GlucosaC1C2,01,BEAS2B,Glucose,chebi,C1C6,C14H18O8N1,3.74,331,1071505,m3,1071505
Glc_BEAS2B_24h_GlucosaC1C2_2_01,Glc,,,,GlucosaC1C2,01,BEAS2B,Glucose,chebi,C1C6,C14H18O8N1,3.74,332,198384,m4,198384
Glc_BEAS2B_24h_GlucosaC1C2_2_01,Glc,,,,GlucosaC1C2,01,BEAS2B,Glucose,chebi,C1C6,C14H18O8N1,3.74,333,21383,m5,21383
Glc_BEAS2B_24h_GlucosaC1C2_2_01,Glc,,,,GlucosaC1C2,01,BEAS2B,Glucose,chebi,C1C6,C14H18O8N1,3.74,334,4689,m6,4689

Glc_BEAS2B_24h_GlucosaC1C2_2_02,Glc,,,,GlucosaC1C2,02,BEAS2B,Glucose,chebi,C1C6,C14H18O8N1,3.74,327,5933,m-1,5933
Glc_BEAS2B_24h_GlucosaC1C2_2_02,Glc,,,,GlucosaC1C2,02,BEAS2B,Glucose,chebi,C1C6,C14H18O8N1,3.74,328,6033223,m0,6033223
Glc_BEAS2B_24h_GlucosaC1C2_2_02,Glc,,,,GlucosaC1C2,02,BEAS2B,Glucose,chebi,C1C6,C14H18O8N1,3.74,329,954498,m1,954498
Glc_BEAS2B_24h_GlucosaC1C2_2_02,Glc,,,,GlucosaC1C2,02,BEAS2B,Glucose,chebi,C1C6,C14H18O8N1,3.74,330,6359197,m2,6359197
Glc_BEAS2B_24h_GlucosaC1C2_2_02,Glc,,,,GlucosaC1C2,02,BEAS2B,Glucose,chebi,C1C6,C14H18O8N1,3.74,331,852317,m3,852317
Glc_BEAS2B_24h_GlucosaC1C2_2_02,Glc,,,,GlucosaC1C2,02,BEAS2B,Glucose,chebi,C1C6,C14H18O8N1,3.74,332,161502,m4,161502
Glc_BEAS2B_24h_GlucosaC1C2_2_02,Glc,,,,GlucosaC1C2,02,BEAS2B,Glucose,chebi,C1C6,C14H18O8N1,3.74,333,17130,m5,17130
Glc_BEAS2B_24h_GlucosaC1C2_2_02,Glc,,,,GlucosaC1C2,02,BEAS2B,Glucose,chebi,C1C6,C14H18O8N1,3.74,334,3995,m6,3995

Glc_BEAS2B_24h_GlucosaC1C2_2_03,Glc,,,,GlucosaC1C2,03,BEAS2B,Glucose,chebi,C1C6,C14H18O8N1,3.74,327,3158,m-1,3158
Glc_BEAS2B_24h_GlucosaC1C2_2_03,Glc,,,,GlucosaC1C2,03,BEAS2B,Glucose,chebi,C1C6,C14H18O8N1,3.74,328,2783631,m0,2783631
Glc_BEAS2B_24h_GlucosaC1C2_2_03,Glc,,,,GlucosaC1C2,03,BEAS2B,Glucose,chebi,C1C6,C14H18O8N1,3.74,329,445695,m1,445695
Glc_BEAS2B_24h_GlucosaC1C2_2_03,Glc,,,,GlucosaC1C2,03,BEAS2B,Glucose,chebi,C1C6,C14H18O8N1,3.74,330,2939479,m2,2939479
Glc_BEAS2B_24h_GlucosaC1C2_2_03,Glc,,,,GlucosaC1C2,03,BEAS2B,Glucose,chebi,C1C6,C14H18O8N1,3.74,331,400259,m3,400259
Glc_BEAS2B_24h_GlucosaC1C2_2_03,Glc,,,,GlucosaC1C2,03,BEAS2B,Glucose,chebi,C1C6,C14H18O8N1,3.74,332,75265,m4,75265
Glc_BEAS2B_24h_GlucosaC1C2_2_03,Glc,,,,GlucosaC1C2,03,BEAS2B,Glucose,chebi,C1C6,C14H18O8N1,3.74,333,8501,m5,8501
Glc_BEAS2B_24h_GlucosaC1C2_2_03,Glc,,,,GlucosaC1C2,03,BEAS2B,Glucose,chebi,C1C6,C14H18O8N1,3.74,334,1778,m6,1778

Glc_BEAS2B_24h_GlucosaC1C2_3_03,Glc,,,,GlucosaC1C2,03,BEAS2B,Glucose,chebi,C1C6,C14H18O8N1,3.74,327,10644,m-1,10644
Glc_BEAS2B_24h_GlucosaC1C2_3_03,Glc,,,,GlucosaC1C2,03,BEAS2B,Glucose,chebi,C1C6,C14H18O8N1,3.74,328,13751704,m0,13751704
Glc_BEAS2B_24h_GlucosaC1C2_3_03,Glc,,,,GlucosaC1C2,03,BEAS2B,Glucose,chebi,C1C6,C14H18O8N1,3.74,329,2165917,m1,2165917
Glc_BEAS2B_24h_GlucosaC1C2_3_03,Glc,,,,GlucosaC1C2,03,BEAS2B,Glucose,chebi,C1C6,C14H18O8N1,3.74,330,14428786,m2,14428786
Glc_BEAS2B_24h_GlucosaC1C2_3_03,Glc,,,,GlucosaC1C2,03,BEAS2B,Glucose,chebi,C1C6,C14H18O8N1,3.74,331,1937226,m3,1937226
Glc_BEAS2B_24h_GlucosaC1C2_3_03,Glc,,,,GlucosaC1C2,03,BEAS2B,Glucose,chebi,C1C6,C14H18O8N1,3.74,332,360667,m4,360667
Glc_BEAS2B_24h_GlucosaC1C2_3_03,Glc,,,,GlucosaC1C2,03,BEAS2B,Glucose,chebi,C1C6,C14H18O8N1,3.74,333,37659,m5,37659
Glc_BEAS2B_24h_GlucosaC1C2_3_03,Glc,,,,GlucosaC1C2,03,BEAS2B,Glucose,chebi,C1C6,C14H18O8N1,3.74,334,8002,m6,8002

Glc_BEAS2B_24h_GlucosaC1C2_3_04,Glc,,,,GlucosaC1C2,04,BEAS2B,Glucose,chebi,C1C6,C14H18O8N1,3.74,327,9927,m-1,9927
Glc_BEAS2B_24h_GlucosaC1C2_3_04,Glc,,,,GlucosaC1C2,04,BEAS2B,Glucose,chebi,C1C6,C14H18O8N1,3.74,328,12863205,m0,12863205
Glc_BEAS2B_24h_GlucosaC1C2_3_04,Glc,,,,GlucosaC1C2,04,BEAS2B,Glucose,chebi,C1C6,C14H18O8N1,3.74,329,2029656,m1,2029656
Glc_BEAS2B_24h_GlucosaC1C2_3_04,Glc,,,,GlucosaC1C2,04,BEAS2B,Glucose,chebi,C1C6,C14H18O8N1,3.74,330,13480357,m2,13480357
Glc_BEAS2B_24h_GlucosaC1C2_3_04,Glc,,,,GlucosaC1C2,04,BEAS2B,Glucose,chebi,C1C6,C14H18O8N1,3.74,331,1803614,m3,1803614
Glc_BEAS2B_24h_GlucosaC1C2_3_04,Glc,,,,GlucosaC1C2,04,BEAS2B,Glucose,chebi,C1C6,C14H18O8N1,3.74,332,339016,m4,339016
Glc_BEAS2B_24h_GlucosaC1C2_3_04,Glc,,,,GlucosaC1C2,04,BEAS2B,Glucose,chebi,C1C6,C14H18O8N1,3.74,333,34518,m5,34518
Glc_BEAS2B_24h_GlucosaC1C2_3_04,Glc,,,,GlucosaC1C2,04,BEAS2B,Glucose,chebi,C1C6,C14H18O8N1,3.74,334,7268,m6,7268

Glu_BEAS2B_24h_COLD_1_02,Glu,,,,COLD,02,BEAS2B,Glutamate2-4,chebi,C2C4,C5H5O1N1F3,3.79,151,85204,m-1,85204
Glu_BEAS2B_24h_COLD_1_02,Glu,,,,COLD,02,BEAS2B,Glutamate2-4,chebi,C2C4,C5H5O1N1F3,3.79,152,10130701,m0,10130701
Glu_BEAS2B_24h_COLD_1_02,Glu,,,,COLD,02,BEAS2B,Glutamate2-4,chebi,C2C4,C5H5O1N1F3,3.79,153,1590309,m1,1590309
Glu_BEAS2B_24h_COLD_1_02,Glu,,,,COLD,02,BEAS2B,Glutamate2-4,chebi,C2C4,C5H5O1N1F3,3.79,154,190822,m2,190822
Glu_BEAS2B_24h_COLD_1_02,Glu,,,,COLD,02,BEAS2B,Glutamate2-4,chebi,C2C4,C5H5O1N1F3,3.79,155,39370,m3,39370
Glu_BEAS2B_24h_COLD_1_02,Glu,,,,COLD,02,BEAS2B,Glutamate2-4,chebi,C2C4,C5H5O1N1F3,3.79,156,44646,m4,44646
Glu_BEAS2B_24h_COLD_1_02,Glu,,,,COLD,02,BEAS2B,Glutamate2-5,chebi,C2C5,C6H7O3N1F3,3.79,197,82600,m-1,82600
Glu_BEAS2B_24h_COLD_1_02,Glu,,,,COLD,02,BEAS2B,Glutamate2-5,chebi,C2C5,C6H7O3N1F3,3.79,198,10840326,m0,10840326
Glu_BEAS2B_24h_COLD_1_02,Glu,,,,COLD,02,BEAS2B,Glutamate2-5,chebi,C2C5,C6H7O3N1F3,3.79,199,785288,m1,785288
Glu_BEAS2B_24h_COLD_1_02,Glu,,,,COLD,02,BEAS2B,Glutamate2-5,chebi,C2C5,C6H7O3N1F3,3.79,200,97226,m2,97226
Glu_BEAS2B_24h_COLD_1_02,Glu,,,,COLD,02,BEAS2B,Glutamate2-5,chebi,C2C5,C6H7O3N1F3,3.79,201,5675,m3,5675
Glu_BEAS2B_24h_COLD_1_02,Glu,,,,COLD,02,BEAS2B,Glutamate2-5,chebi,C2C5,C6H7O3N1F3,3.79,202,17147,m4,17147
Glu_BEAS2B_24h_COLD_1_02,Glu,,,,COLD,02,BEAS2B,Glutamate2-5,chebi,C2C5,C6H7O3N1F3,3.79,203,5046,m5,5046

Glu_BEAS2B_24h_GlucosaC1C2_1_01,Glu,,,,GlucosaC1C2,01,BEAS2B,Glutamate2-4,chebi,C2C4,C5H5O1N1F3,3.79,151,161489,m-1,161489
Glu_BEAS2B_24h_GlucosaC1C2_1_01,Glu,,,,GlucosaC1C2,01,BEAS2B,Glutamate2-4,chebi,C2C4,C5H5O1N1F3,3.79,152,20473496,m0,20473496
Glu_BEAS2B_24h_GlucosaC1C2_1_01,Glu,,,,GlucosaC1C2,01,BEAS2B,Glutamate2-4,chebi,C2C4,C5H5O1N1F3,3.79,153,3173152,m1,3173152
Glu_BEAS2B_24h_GlucosaC1C2_1_01,Glu,,,,GlucosaC1C2,01,BEAS2B,Glutamate2-4,chebi,C2C4,C5H5O1N1F3,3.79,154,383786,m2,383786
Glu_BEAS2B_24h_GlucosaC1C2_1_01,Glu,,,,GlucosaC1C2,01,BEAS2B,Glutamate2-4,chebi,C2C4,C5H5O1N1F3,3.79,155,72737,m3,72737
Glu_BEAS2B_24h_GlucosaC1C2_1_01,Glu,,,,GlucosaC1C2,01,BEAS2B,Glutamate2-4,chebi,C2C4,C5H5O1N1F3,3.79,156,88036,m4,88036
Glu_BEAS2B_24h_GlucosaC1C2_1_01,Glu,,,,GlucosaC1C2,01,BEAS2B,Glutamate2-5,chebi,C2C5,C6H7O3N1F3,3.79,197,164130,m-1,164130
Glu_BEAS2B_24h_GlucosaC1C2_1_01,Glu,,,,GlucosaC1C2,01,BEAS2B,Glutamate2-5,chebi,C2C5,C6H7O3N1F3,3.79,198,23777780,m0,23777780
Glu_BEAS2B_24h_GlucosaC1C2_1_01,Glu,,,,GlucosaC1C2,01,BEAS2B,Glutamate2-5,chebi,C2C5,C6H7O3N1F3,3.79,199,1774095,m1,1774095
Glu_BEAS2B_24h_GlucosaC1C2_1_01,Glu,,,,GlucosaC1C2,01,BEAS2B,Glutamate2-5,chebi,C2C5,C6H7O3N1F3,3.79,200,338989,m2,338989
Glu_BEAS2B_24h_GlucosaC1C2_1_01,Glu,,,,GlucosaC1C2,01,BEAS2B,Glutamate2-5,chebi,C2C5,C6H7O3N1F3,3.79,201,29194,m3,29194
Glu_BEAS2B_24h_GlucosaC1C2_1_01,Glu,,,,GlucosaC1C2,01,BEAS2B,Glutamate2-5,chebi,C2C5,C6H7O3N1F3,3.79,202,40986,m4,40986
Glu_BEAS2B_24h_GlucosaC1C2_1_01,Glu,,,,GlucosaC1C2,01,BEAS2B,Glutamate2-5,chebi,C2C5,C6H7O3N1F3,3.79,203,9118,m5,9118

Glu_BEAS2B_24h_GlucosaC1C2_1_02,Glu,,,,GlucosaC1C2,02,BEAS2B,Glutamate2-4,chebi,C2C4,C5H5O1N1F3,3.79,151,186063,m-1,186063
Glu_BEAS2B_24h_GlucosaC1C2_1_02,Glu,,,,GlucosaC1C2,02,BEAS2B,Glutamate2-4,chebi,C2C4,C5H5O1N1F3,3.79,152,23735331,m0,23735331
Glu_BEAS2B_24h_GlucosaC1C2_1_02,Glu,,,,GlucosaC1C2,02,BEAS2B,Glutamate2-4,chebi,C2C4,C5H5O1N1F3,3.79,153,3602605,m1,3602605
Glu_BEAS2B_24h_GlucosaC1C2_1_02,Glu,,,,GlucosaC1C2,02,BEAS2B,Glutamate2-4,chebi,C2C4,C5H5O1N1F3,3.79,154,429070,m2,429070
Glu_BEAS2B_24h_GlucosaC1C2_1_02,Glu,,,,GlucosaC1C2,02,BEAS2B,Glutamate2-4,chebi,C2C4,C5H5O1N1F3,3.79,155,81637,m3,81637
Glu_BEAS2B_24h_GlucosaC1C2_1_02,Glu,,,,GlucosaC1C2,02,BEAS2B,Glutamate2-4,chebi,C2C4,C5H5O1N1F3,3.79,156,99461,m4,99461
Glu_BEAS2B_24h_GlucosaC1C2_1_02,Glu,,,,GlucosaC1C2,02,BEAS2B,Glutamate2-5,chebi,C2C5,C6H7O3N1F3,3.79,197,195946,m-1,195946
Glu_BEAS2B_24h_GlucosaC1C2_1_02,Glu,,,,GlucosaC1C2,02,BEAS2B,Glutamate2-5,chebi,C2C5,C6H7O3N1F3,3.79,198,26124587,m0,26124587
Glu_BEAS2B_24h_GlucosaC1C2_1_02,Glu,,,,GlucosaC1C2,02,BEAS2B,Glutamate2-5,chebi,C2C5,C6H7O3N1F3,3.79,199,1948073,m1,1948073
Glu_BEAS2B_24h_GlucosaC1C2_1_02,Glu,,,,GlucosaC1C2,02,BEAS2B,Glutamate2-5,chebi,C2C5,C6H7O3N1F3,3.79,200,371847,m2,371847
Glu_BEAS2B_24h_GlucosaC1C2_1_02,Glu,,,,GlucosaC1C2,02,BEAS2B,Glutamate2-5,chebi,C2C5,C6H7O3N1F3,3.79,201,32046,m3,32046
Glu_BEAS2B_24h_GlucosaC1C2_1_02,Glu,,,,GlucosaC1C2,02,BEAS2B,Glutamate2-5,chebi,C2C5,C6H7O3N1F3,3.79,202,44978,m4,44978
Glu_BEAS2B_24h_GlucosaC1C2_1_02,Glu,,,,GlucosaC1C2,02,BEAS2B,Glutamate2-5,chebi,C2C5,C6H7O3N1F3,3.79,203,9803,m5,9803

Glu_BEAS2B_24h_GlucosaC1C2_2_01,Glu,,,,GlucosaC1C2,01,BEAS2B,Glutamate2-4,chebi,C2C4,C5H5O1N1F3,3.79,151,140405,m-1,140405
Glu_BEAS2B_24h_GlucosaC1C2_2_01,Glu,,,,GlucosaC1C2,01,BEAS2B,Glutamate2-4,chebi,C2C4,C5H5O1N1F3,3.79,152,17598133,m0,17598133
Glu_BEAS2B_24h_GlucosaC1C2_2_01,Glu,,,,GlucosaC1C2,01,BEAS2B,Glutamate2-4,chebi,C2C4,C5H5O1N1F3,3.79,153,2738472,m1,2738472
Glu_BEAS2B_24h_GlucosaC1C2_2_01,Glu,,,,GlucosaC1C2,01,BEAS2B,Glutamate2-4,chebi,C2C4,C5H5O1N1F3,3.79,154,316630,m2,316630
Glu_BEAS2B_24h_GlucosaC1C2_2_01,Glu,,,,GlucosaC1C2,01,BEAS2B,Glutamate2-4,chebi,C2C4,C5H5O1N1F3,3.79,155,60274,m3,60274
Glu_BEAS2B_24h_GlucosaC1C2_2_01,Glu,,,,GlucosaC1C2,01,BEAS2B,Glutamate2-4,chebi,C2C4,C5H5O1N1F3,3.79,156,75373,m4,75373
Glu_BEAS2B_24h_GlucosaC1C2_2_01,Glu,,,,GlucosaC1C2,01,BEAS2B,Glutamate2-5,chebi,C2C5,C6H7O3N1F3,3.79,197,134221,m-1,134221
Glu_BEAS2B_24h_GlucosaC1C2_2_01,Glu,,,,GlucosaC1C2,01,BEAS2B,Glutamate2-5,chebi,C2C5,C6H7O3N1F3,3.79,198,20275910,m0,20275910
Glu_BEAS2B_24h_GlucosaC1C2_2_01,Glu,,,,GlucosaC1C2,01,BEAS2B,Glutamate2-5,chebi,C2C5,C6H7O3N1F3,3.79,199,1511244,m1,1511244
Glu_BEAS2B_24h_GlucosaC1C2_2_01,Glu,,,,GlucosaC1C2,01,BEAS2B,Glutamate2-5,chebi,C2C5,C6H7O3N1F3,3.79,200,281593,m2,281593
Glu_BEAS2B_24h_GlucosaC1C2_2_01,Glu,,,,GlucosaC1C2,01,BEAS2B,Glutamate2-5,chebi,C2C5,C6H7O3N1F3,3.79,201,24196,m3,24196
Glu_BEAS2B_24h_GlucosaC1C2_2_01,Glu,,,,GlucosaC1C2,01,BEAS2B,Glutamate2-5,chebi,C2C5,C6H7O3N1F3,3.79,202,34286,m4,34286
Glu_BEAS2B_24h_GlucosaC1C2_2_01,Glu,,,,GlucosaC1C2,01,BEAS2B,Glutamate2-5,chebi,C2C5,C6H7O3N1F3,3.79,203,6624,m5,6624

Glu_BEAS2B_24h_GlucosaC1C2_2_02,Glu,,,,GlucosaC1C2,02,BEAS2B,Glutamate2-4,chebi,C2C4,C5H5O1N1F3,3.79,151,135162,m-1,135162
Glu_BEAS2B_24h_GlucosaC1C2_2_02,Glu,,,,GlucosaC1C2,02,BEAS2B,Glutamate2-4,chebi,C2C4,C5H5O1N1F3,3.79,152,17008334,m0,17008334
Glu_BEAS2B_24h_GlucosaC1C2_2_02,Glu,,,,GlucosaC1C2,02,BEAS2B,Glutamate2-4,chebi,C2C4,C5H5O1N1F3,3.79,153,2634129,m1,2634129
Glu_BEAS2B_24h_GlucosaC1C2_2_02,Glu,,,,GlucosaC1C2,02,BEAS2B,Glutamate2-4,chebi,C2C4,C5H5O1N1F3,3.79,154,309548,m2,309548
Glu_BEAS2B_24h_GlucosaC1C2_2_02,Glu,,,,GlucosaC1C2,02,BEAS2B,Glutamate2-4,chebi,C2C4,C5H5O1N1F3,3.79,155,58278,m3,58278
Glu_BEAS2B_24h_GlucosaC1C2_2_02,Glu,,,,GlucosaC1C2,02,BEAS2B,Glutamate2-4,chebi,C2C4,C5H5O1N1F3,3.79,156,74293,m4,74293
Glu_BEAS2B_24h_GlucosaC1C2_2_02,Glu,,,,GlucosaC1C2,02,BEAS2B,Glutamate2-5,chebi,C2C5,C6H7O3N1F3,3.79,197,133270,m-1,133270
Glu_BEAS2B_24h_GlucosaC1C2_2_02,Glu,,,,GlucosaC1C2,02,BEAS2B,Glutamate2-5,chebi,C2C5,C6H7O3N1F3,3.79,198,19809618,m0,19809618
Glu_BEAS2B_24h_GlucosaC1C2_2_02,Glu,,,,GlucosaC1C2,02,BEAS2B,Glutamate2-5,chebi,C2C5,C6H7O3N1F3,3.79,199,1473344,m1,1473344
Glu_BEAS2B_24h_GlucosaC1C2_2_02,Glu,,,,GlucosaC1C2,02,BEAS2B,Glutamate2-5,chebi,C2C5,C6H7O3N1F3,3.79,200,277307,m2,277307
Glu_BEAS2B_24h_GlucosaC1C2_2_02,Glu,,,,GlucosaC1C2,02,BEAS2B,Glutamate2-5,chebi,C2C5,C6H7O3N1F3,3.79,201,23333,m3,23333
Glu_BEAS2B_24h_GlucosaC1C2_2_02,Glu,,,,GlucosaC1C2,02,BEAS2B,Glutamate2-5,chebi,C2C5,C6H7O3N1F3,3.79,202,34133,m4,34133
Glu_BEAS2B_24h_GlucosaC1C2_2_02,Glu,,,,GlucosaC1C2,02,BEAS2B,Glutamate2-5,chebi,C2C5,C6H7O3N1F3,3.79,203,6824,m5,6824

Glu_BEAS2B_24h_GlucosaC1C2_3_01,Glu,,,,GlucosaC1C2,01,BEAS2B,Glutamate2-4,chebi,C2C4,C5H5O1N1F3,3.79,151,118180,m-1,118180
Glu_BEAS2B_24h_GlucosaC1C2_3_01,Glu,,,,GlucosaC1C2,01,BEAS2B,Glutamate2-4,chebi,C2C4,C5H5O1N1F3,3.79,152,14853054,m0,14853054
Glu_BEAS2B_24h_GlucosaC1C2_3_01,Glu,,,,GlucosaC1C2,01,BEAS2B,Glutamate2-4,chebi,C2C4,C5H5O1N1F3,3.79,153,2318047,m1,2318047
Glu_BEAS2B_24h_GlucosaC1C2_3_01,Glu,,,,GlucosaC1C2,01,BEAS2B,Glutamate2-4,chebi,C2C4,C5H5O1N1F3,3.79,154,268050,m2,268050
Glu_BEAS2B_24h_GlucosaC1C2_3_01,Glu,,,,GlucosaC1C2,01,BEAS2B,Glutamate2-4,chebi,C2C4,C5H5O1N1F3,3.79,155,52351,m3,52351
Glu_BEAS2B_24h_GlucosaC1C2_3_01,Glu,,,,GlucosaC1C2,01,BEAS2B,Glutamate2-4,chebi,C2C4,C5H5O1N1F3,3.79,156,65381,m4,65381
Glu_BEAS2B_24h_GlucosaC1C2_3_01,Glu,,,,GlucosaC1C2,01,BEAS2B,Glutamate2-5,chebi,C2C5,C6H7O3N1F3,3.79,197,115765,m-1,115765
Glu_BEAS2B_24h_GlucosaC1C2_3_01,Glu,,,,GlucosaC1C2,01,BEAS2B,Glutamate2-5,chebi,C2C5,C6H7O3N1F3,3.79,198,17234120,m0,17234120
Glu_BEAS2B_24h_GlucosaC1C2_3_01,Glu,,,,GlucosaC1C2,01,BEAS2B,Glutamate2-5,chebi,C2C5,C6H7O3N1F3,3.79,199,1277136,m1,1277136
Glu_BEAS2B_24h_GlucosaC1C2_3_01,Glu,,,,GlucosaC1C2,01,BEAS2B,Glutamate2-5,chebi,C2C5,C6H7O3N1F3,3.79,200,240224,m2,240224
Glu_BEAS2B_24h_GlucosaC1C2_3_01,Glu,,,,GlucosaC1C2,01,BEAS2B,Glutamate2-5,chebi,C2C5,C6H7O3N1F3,3.79,201,19407,m3,19407
Glu_BEAS2B_24h_GlucosaC1C2_3_01,Glu,,,,GlucosaC1C2,01,BEAS2B,Glutamate2-5,chebi,C2C5,C6H7O3N1F3,3.79,202,29166,m4,29166
Glu_BEAS2B_24h_GlucosaC1C2_3_01,Glu,,,,GlucosaC1C2,01,BEAS2B,Glutamate2-5,chebi,C2C5,C6H7O3N1F3,3.79,203,7279,m5,7279

Glu_BEAS2B_24h_GlucosaC1C2_3_02,Glu,,,,GlucosaC1C2,02,BEAS2B,Glutamate2-4,chebi,C2C4,C5H5O1N1F3,3.79,151,140977,m-1,140977
Glu_BEAS2B_24h_GlucosaC1C2_3_02,Glu,,,,GlucosaC1C2,02,BEAS2B,Glutamate2-4,chebi,C2C4,C5H5O1N1F3,3.79,152,17799213,m0,17799213
Glu_BEAS2B_24h_GlucosaC1C2_3_02,Glu,,,,GlucosaC1C2,02,BEAS2B,Glutamate2-4,chebi,C2C4,C5H5O1N1F3,3.79,153,2754511,m1,2754511
Glu_BEAS2B_24h_GlucosaC1C2_3_02,Glu,,,,GlucosaC1C2,02,BEAS2B,Glutamate2-4,chebi,C2C4,C5H5O1N1F3,3.79,154,330306,m2,330306
Glu_BEAS2B_24h_GlucosaC1C2_3_02,Glu,,,,GlucosaC1C2,02,BEAS2B,Glutamate2-4,chebi,C2C4,C5H5O1N1F3,3.79,155,62831,m3,62831
Glu_BEAS2B_24h_GlucosaC1C2_3_02,Glu,,,,GlucosaC1C2,02,BEAS2B,Glutamate2-4,chebi,C2C4,C5H5O1N1F3,3.79,156,77117,m4,77117
Glu_BEAS2B_24h_GlucosaC1C2_3_02,Glu,,,,GlucosaC1C2,02,BEAS2B,Glutamate2-5,chebi,C2C5,C6H7O3N1F3,3.79,197,142811,m-1,142811
Glu_BEAS2B_24h_GlucosaC1C2_3_02,Glu,,,,GlucosaC1C2,02,BEAS2B,Glutamate2-5,chebi,C2C5,C6H7O3N1F3,3.79,198,20772399,m0,20772399
Glu_BEAS2B_24h_GlucosaC1C2_3_02,Glu,,,,GlucosaC1C2,02,BEAS2B,Glutamate2-5,chebi,C2C5,C6H7O3N1F3,3.79,199,1539376,m1,1539376
Glu_BEAS2B_24h_GlucosaC1C2_3_02,Glu,,,,GlucosaC1C2,02,BEAS2B,Glutamate2-5,chebi,C2C5,C6H7O3N1F3,3.79,200,286364,m2,286364
Glu_BEAS2B_24h_GlucosaC1C2_3_02,Glu,,,,GlucosaC1C2,02,BEAS2B,Glutamate2-5,chebi,C2C5,C6H7O3N1F3,3.79,201,23221,m3,23221
Glu_BEAS2B_24h_GlucosaC1C2_3_02,Glu,,,,GlucosaC1C2,02,BEAS2B,Glutamate2-5,chebi,C2C5,C6H7O3N1F3,3.79,202,35385,m4,35385
Glu_BEAS2B_24h_GlucosaC1C2_3_02,Glu,,,,GlucosaC1C2,02,BEAS2B,Glutamate2-5,chebi,C2C5,C6H7O3N1F3,3.79,203,7793,m5,7793

Glu_BEAS2B_24h_GlutaminaC1_1_01,Glu,,,,GlutaminaC1,01,BEAS2B,Glutamate2-4,chebi,C2C4,C5H5O1N1F3,3.79,151,28342,m-1,28342
Glu_BEAS2B_24h_GlutaminaC1_1_01,Glu,,,,GlutaminaC1,01,BEAS2B,Glutamate2-4,chebi,C2C4,C5H5O1N1F3,3.79,152,388111,m0,388111
Glu_BEAS2B_24h_GlutaminaC1_1_01,Glu,,,,GlutaminaC1,01,BEAS2B,Glutamate2-4,chebi,C2C4,C5H5O1N1F3,3.79,153,10860486,m1,10860486
Glu_BEAS2B_24h_GlutaminaC1_1_01,Glu,,,,GlutaminaC1,01,BEAS2B,Glutamate2-4,chebi,C2C4,C5H5O1N1F3,3.79,154,1073422,m2,1073422
Glu_BEAS2B_24h_GlutaminaC1_1_01,Glu,,,,GlutaminaC1,01,BEAS2B,Glutamate2-4,chebi,C2C4,C5H5O1N1F3,3.79,155,152573,m3,152573
Glu_BEAS2B_24h_GlutaminaC1_1_01,Glu,,,,GlutaminaC1,01,BEAS2B,Glutamate2-4,chebi,C2C4,C5H5O1N1F3,3.79,156,21612,m4,21612

Glu_BEAS2B_24h_GlutaminaC1_1_02,Glu,,,,GlutaminaC1,02,BEAS2B,Glutamate2-4,chebi,C2C4,C5H5O1N1F3,3.79,151,36188,m-1,36188
Glu_BEAS2B_24h_GlutaminaC1_1_02,Glu,,,,GlutaminaC1,02,BEAS2B,Glutamate2-4,chebi,C2C4,C5H5O1N1F3,3.79,152,511502,m0,511502
Glu_BEAS2B_24h_GlutaminaC1_1_02,Glu,,,,GlutaminaC1,02,BEAS2B,Glutamate2-4,chebi,C2C4,C5H5O1N1F3,3.79,153,15151022,m1,15151022
Glu_BEAS2B_24h_GlutaminaC1_1_02,Glu,,,,GlutaminaC1,02,BEAS2B,Glutamate2-4,chebi,C2C4,C5H5O1N1F3,3.79,154,1477296,m2,1477296
Glu_BEAS2B_24h_GlutaminaC1_1_02,Glu,,,,GlutaminaC1,02,BEAS2B,Glutamate2-4,chebi,C2C4,C5H5O1N1F3,3.79,155,195589,m3,195589
Glu_BEAS2B_24h_GlutaminaC1_1_02,Glu,,,,GlutaminaC1,02,BEAS2B,Glutamate2-4,chebi,C2C4,C5H5O1N1F3,3.79,156,28400,m4,28400


Glu_BEAS2B_24h_GlutaminaC1_2_02,Glu,,,,GlutaminaC1,02,BEAS2B,Glutamate2-4,chebi,C2C4,C5H5O1N1F3,3.79,151,30955,m-1,30955
Glu_BEAS2B_24h_GlutaminaC1_2_02,Glu,,,,GlutaminaC1,02,BEAS2B,Glutamate2-4,chebi,C2C4,C5H5O1N1F3,3.79,152,429077,m0,429077
Glu_BEAS2B_24h_GlutaminaC1_2_02,Glu,,,,GlutaminaC1,02,BEAS2B,Glutamate2-4,chebi,C2C4,C5H5O1N1F3,3.79,153,12552878,m1,12552878
Glu_BEAS2B_24h_GlutaminaC1_2_02,Glu,,,,GlutaminaC1,02,BEAS2B,Glutamate2-4,chebi,C2C4,C5H5O1N1F3,3.79,154,1212063,m2,1212063
Glu_BEAS2B_24h_GlutaminaC1_2_02,Glu,,,,GlutaminaC1,02,BEAS2B,Glutamate2-4,chebi,C2C4,C5H5O1N1F3,3.79,155,165546,m3,165546
Glu_BEAS2B_24h_GlutaminaC1_2_02,Glu,,,,GlutaminaC1,02,BEAS2B,Glutamate2-4,chebi,C2C4,C5H5O1N1F3,3.79,156,22697,m4,22697

Glu_BEAS2B_24h_GlutaminaC1_3_01,Glu,,,,GlutaminaC1,01,BEAS2B,Glutamate2-4,chebi,C2C4,C5H5O1N1F3,3.79,151,32019,m-1,32019
Glu_BEAS2B_24h_GlutaminaC1_3_01,Glu,,,,GlutaminaC1,01,BEAS2B,Glutamate2-4,chebi,C2C4,C5H5O1N1F3,3.79,152,440226,m0,440226
Glu_BEAS2B_24h_GlutaminaC1_3_01,Glu,,,,GlutaminaC1,01,BEAS2B,Glutamate2-4,chebi,C2C4,C5H5O1N1F3,3.79,153,13553167,m1,13553167
Glu_BEAS2B_24h_GlutaminaC1_3_01,Glu,,,,GlutaminaC1,01,BEAS2B,Glutamate2-4,chebi,C2C4,C5H5O1N1F3,3.79,154,1321788,m2,1321788
Glu_BEAS2B_24h_GlutaminaC1_3_01,Glu,,,,GlutaminaC1,01,BEAS2B,Glutamate2-4,chebi,C2C4,C5H5O1N1F3,3.79,155,177373,m3,177373
Glu_BEAS2B_24h_GlutaminaC1_3_01,Glu,,,,GlutaminaC1,01,BEAS2B,Glutamate2-4,chebi,C2C4,C5H5O1N1F3,3.79,156,25380,m4,25380

Glu_BEAS2B_24h_GlutaminaC1_3_02,Glu,,,,GlutaminaC1,02,BEAS2B,Glutamate2-4,chebi,C2C4,C5H5O1N1F3,3.79,151,37517,m-1,37517
Glu_BEAS2B_24h_GlutaminaC1_3_02,Glu,,,,GlutaminaC1,02,BEAS2B,Glutamate2-4,chebi,C2C4,C5H5O1N1F3,3.79,152,515075,m0,515075
Glu_BEAS2B_24h_GlutaminaC1_3_02,Glu,,,,GlutaminaC1,02,BEAS2B,Glutamate2-4,chebi,C2C4,C5H5O1N1F3,3.79,153,15169458,m1,15169458
Glu_BEAS2B_24h_GlutaminaC1_3_02,Glu,,,,GlutaminaC1,02,BEAS2B,Glutamate2-4,chebi,C2C4,C5H5O1N1F3,3.79,154,1464421,m2,1464421
Glu_BEAS2B_24h_GlutaminaC1_3_02,Glu,,,,GlutaminaC1,02,BEAS2B,Glutamate2-4,chebi,C2C4,C5H5O1N1F3,3.79,155,198714,m3,198714
Glu_BEAS2B_24h_GlutaminaC1_3_02,Glu,,,,GlutaminaC1,02,BEAS2B,Glutamate2-4,chebi,C2C4,C5H5O1N1F3,3.79,156,27759,m4,27759

Lac_BEAS2B_24h_COLD_02,Lac,,,,COLD,02,BEAS2B,Lactate,chebi,C1C3,C10H13O3N1F7,5.33,327,254949,m-1,254949
Lac_BEAS2B_24h_COLD_02,Lac,,,,COLD,02,BEAS2B,Lactate,chebi,C1C3,C10H13O3N1F7,5.33,328,9899905,m0,9899905
Lac_BEAS2B_24h_COLD_02,Lac,,,,COLD,02,BEAS2B,Lactate,chebi,C1C3,C10H13O3N1F7,5.33,329,1130327,m1,1130327
Lac_BEAS2B_24h_COLD_02,Lac,,,,COLD,02,BEAS2B,Lactate,chebi,C1C3,C10H13O3N1F7,5.33,330,120749,m2,120749
Lac_BEAS2B_24h_COLD_02,Lac,,,,COLD,02,BEAS2B,Lactate,chebi,C1C3,C10H13O3N1F7,5.33,331,8964,m3,8964
Lac_BEAS2B_24h_COLD_02,Lac,,,,COLD,02,BEAS2B,Lactate,chebi,C1C3,C10H13O3N1F7,5.33,332,779,m4,779

Lac_BEAS2B_24h_GlucosaC1C2_1_02,Lac,,,,GlucosaC1C2,02,BEAS2B,Lactate,chebi,C1C3,C10H13O3N1F7,5.33,327,373874,m-1,373874
Lac_BEAS2B_24h_GlucosaC1C2_1_02,Lac,,,,GlucosaC1C2,02,BEAS2B,Lactate,chebi,C1C3,C10H13O3N1F7,5.33,328,14473882,m0,14473882
Lac_BEAS2B_24h_GlucosaC1C2_1_02,Lac,,,,GlucosaC1C2,02,BEAS2B,Lactate,chebi,C1C3,C10H13O3N1F7,5.33,329,2203495,m1,2203495
Lac_BEAS2B_24h_GlucosaC1C2_1_02,Lac,,,,GlucosaC1C2,02,BEAS2B,Lactate,chebi,C1C3,C10H13O3N1F7,5.33,330,4411537,m2,4411537
Lac_BEAS2B_24h_GlucosaC1C2_1_02,Lac,,,,GlucosaC1C2,02,BEAS2B,Lactate,chebi,C1C3,C10H13O3N1F7,5.33,331,437389,m3,437389
Lac_BEAS2B_24h_GlucosaC1C2_1_02,Lac,,,,GlucosaC1C2,02,BEAS2B,Lactate,chebi,C1C3,C10H13O3N1F7,5.33,332,45533,m4,45533

Lac_BEAS2B_24h_GlucosaC1C2_1_03,Lac,,,,GlucosaC1C2,03,BEAS2B,Lactate,chebi,C1C3,C10H13O3N1F7,5.33,327,463419,m-1,463419
Lac_BEAS2B_24h_GlucosaC1C2_1_03,Lac,,,,GlucosaC1C2,03,BEAS2B,Lactate,chebi,C1C3,C10H13O3N1F7,5.33,328,17965212,m0,17965212
Lac_BEAS2B_24h_GlucosaC1C2_1_03,Lac,,,,GlucosaC1C2,03,BEAS2B,Lactate,chebi,C1C3,C10H13O3N1F7,5.33,329,2731914,m1,2731914
Lac_BEAS2B_24h_GlucosaC1C2_1_03,Lac,,,,GlucosaC1C2,03,BEAS2B,Lactate,chebi,C1C3,C10H13O3N1F7,5.33,330,5450907,m2,5450907
Lac_BEAS2B_24h_GlucosaC1C2_1_03,Lac,,,,GlucosaC1C2,03,BEAS2B,Lactate,chebi,C1C3,C10H13O3N1F7,5.33,331,547618,m3,547618
Lac_BEAS2B_24h_GlucosaC1C2_1_03,Lac,,,,GlucosaC1C2,03,BEAS2B,Lactate,chebi,C1C3,C10H13O3N1F7,5.33,332,57283,m4,57283

Lac_BEAS2B_24h_GlucosaC1C2_2_02,Lac,,,,GlucosaC1C2,02,BEAS2B,Lactate,chebi,C1C3,C10H13O3N1F7,5.33,327,408072,m-1,408072
Lac_BEAS2B_24h_GlucosaC1C2_2_02,Lac,,,,GlucosaC1C2,02,BEAS2B,Lactate,chebi,C1C3,C10H13O3N1F7,5.33,328,15831763,m0,15831763
Lac_BEAS2B_24h_GlucosaC1C2_2_02,Lac,,,,GlucosaC1C2,02,BEAS2B,Lactate,chebi,C1C3,C10H13O3N1F7,5.33,329,2416935,m1,2416935
Lac_BEAS2B_24h_GlucosaC1C2_2_02,Lac,,,,GlucosaC1C2,02,BEAS2B,Lactate,chebi,C1C3,C10H13O3N1F7,5.33,330,4827934,m2,4827934
Lac_BEAS2B_24h_GlucosaC1C2_2_02,Lac,,,,GlucosaC1C2,02,BEAS2B,Lactate,chebi,C1C3,C10H13O3N1F7,5.33,331,482763,m3,482763
Lac_BEAS2B_24h_GlucosaC1C2_2_02,Lac,,,,GlucosaC1C2,02,BEAS2B,Lactate,chebi,C1C3,C10H13O3N1F7,5.33,332,49812,m4,49812

Lac_BEAS2B_24h_GlucosaC1C2_2_03,Lac,,,,GlucosaC1C2,03,BEAS2B,Lactate,chebi,C1C3,C10H13O3N1F7,5.33,327,497395,m-1,497395
Lac_BEAS2B_24h_GlucosaC1C2_2_03,Lac,,,,GlucosaC1C2,03,BEAS2B,Lactate,chebi,C1C3,C10H13O3N1F7,5.33,328,19348281,m0,19348281
Lac_BEAS2B_24h_GlucosaC1C2_2_03,Lac,,,,GlucosaC1C2,03,BEAS2B,Lactate,chebi,C1C3,C10H13O3N1F7,5.33,329,2938725,m1,2938725
Lac_BEAS2B_24h_GlucosaC1C2_2_03,Lac,,,,GlucosaC1C2,03,BEAS2B,Lactate,chebi,C1C3,C10H13O3N1F7,5.33,330,5874237,m2,5874237
Lac_BEAS2B_24h_GlucosaC1C2_2_03,Lac,,,,GlucosaC1C2,03,BEAS2B,Lactate,chebi,C1C3,C10H13O3N1F7,5.33,331,584085,m3,584085
Lac_BEAS2B_24h_GlucosaC1C2_2_03,Lac,,,,GlucosaC1C2,03,BEAS2B,Lactate,chebi,C1C3,C10H13O3N1F7,5.33,332,60731,m4,60731

Lac_BEAS2B_24h_GlucosaC1C2_3_01,Lac,,,,GlucosaC1C2,01,BEAS2B,Lactate,chebi,C1C3,C10H13O3N1F7,5.33,327,571498,m-1,571498
Lac_BEAS2B_24h_GlucosaC1C2_3_01,Lac,,,,GlucosaC1C2,01,BEAS2B,Lactate,chebi,C1C3,C10H13O3N1F7,5.33,328,22221585,m0,22221585
Lac_BEAS2B_24h_GlucosaC1C2_3_01,Lac,,,,GlucosaC1C2,01,BEAS2B,Lactate,chebi,C1C3,C10H13O3N1F7,5.33,329,3387044,m1,3387044
Lac_BEAS2B_24h_GlucosaC1C2_3_01,Lac,,,,GlucosaC1C2,01,BEAS2B,Lactate,chebi,C1C3,C10H13O3N1F7,5.33,330,6743252,m2,6743252
Lac_BEAS2B_24h_GlucosaC1C2_3_01,Lac,,,,GlucosaC1C2,01,BEAS2B,Lactate,chebi,C1C3,C10H13O3N1F7,5.33,331,675094,m3,675094
Lac_BEAS2B_24h_GlucosaC1C2_3_01,Lac,,,,GlucosaC1C2,01,BEAS2B,Lactate,chebi,C1C3,C10H13O3N1F7,5.33,332,70091,m4,70091

Lac_BEAS2B_24h_GlucosaC1C2_3_02,Lac,,,,GlucosaC1C2,02,BEAS2B,Lactate,chebi,C1C3,C10H13O3N1F7,5.33,327,630225,m-1,630225
Lac_BEAS2B_24h_GlucosaC1C2_3_02,Lac,,,,GlucosaC1C2,02,BEAS2B,Lactate,chebi,C1C3,C10H13O3N1F7,5.33,328,24576478,m0,24576478
Lac_BEAS2B_24h_GlucosaC1C2_3_02,Lac,,,,GlucosaC1C2,02,BEAS2B,Lactate,chebi,C1C3,C10H13O3N1F7,5.33,329,3743259,m1,3743259
Lac_BEAS2B_24h_GlucosaC1C2_3_02,Lac,,,,GlucosaC1C2,02,BEAS2B,Lactate,chebi,C1C3,C10H13O3N1F7,5.33,330,7451120,m2,7451120
Lac_BEAS2B_24h_GlucosaC1C2_3_02,Lac,,,,GlucosaC1C2,02,BEAS2B,Lactate,chebi,C1C3,C10H13O3N1F7,5.33,331,740649,m3,740649
Lac_BEAS2B_24h_GlucosaC1C2_3_02,Lac,,,,GlucosaC1C2,02,BEAS2B,Lactate,chebi,C1C3,C10H13O3N1F7,5.33,332,78003,m4,78003
