Sample ID,Labelled substrate,Label pattern,abundance,Injection,Replicate,Conditions,Incubation time [value],Incubation time [units],data file ID,Retention time [value],Retention time [units],Metabolite name,CHEBI ID,atomic positions to the parent molecule,Empirical formula derivatized molecule/fragment,m/z monitored,signal intensity,isotopologue,Isotopologue [value],Isotopologue [units]
Ctr_0h_glc_r1_i1,Glucose,"1,1,0,0,0,0",0.4175,1,1,Ctr,0,hour,14_G1.CDF              ,3.6,min,Glucose,CHEBI:17234,C1-C6,C14H18O8N,327,237,,,
Ctr_0h_glc_r1_i1,Glucose,"1,1,0,0,0,0",0.4175,1,1,Ctr,0,hour,14_G1.CDF              ,3.6,min,Glucose,CHEBI:17234,C1-C6,C14H18O8N,328,65579,m0,54.97,%
Ctr_0h_glc_r1_i1,Glucose,"1,1,0,0,0,0",0.4175,1,1,Ctr,0,hour,14_G1.CDF              ,3.6,min,Glucose,CHEBI:17234,C1-C6,C14H18O8N,329,11502,m1,0.69,%
Ctr_0h_glc_r1_i1,Glucose,"1,1,0,0,0,0",0.4175,1,1,Ctr,0,hour,14_G1.CDF              ,3.6,min,Glucose,CHEBI:17234,C1-C6,C14H18O8N,330,58472,m2,43.41,%
Ctr_0h_glc_r1_i1,Glucose,"1,1,0,0,0,0",0.4175,1,1,Ctr,0,hour,14_G1.CDF              ,3.6,min,Glucose,CHEBI:17234,C1-C6,C14H18O8N,331,8005,m3,0.12,%
Ctr_0h_glc_r1_i1,Glucose,"1,1,0,0,0,0",0.4175,1,1,Ctr,0,hour,14_G1.CDF              ,3.6,min,Glucose,CHEBI:17234,C1-C6,C14H18O8N,332,1630,m4,0.79,%
Ctr_0h_glc_r1_i1,Glucose,"1,1,0,0,0,0",0.4175,1,1,Ctr,0,hour,14_G1.CDF              ,3.6,min,Glucose,CHEBI:17234,C1-C6,C14H18O8N,333,236,m5,0.01,%
Ctr_0h_glc_r1_i1,Glucose,"1,1,0,0,0,0",0.4175,1,1,Ctr,0,hour,14_G1.CDF              ,3.6,min,Glucose,CHEBI:17234,C1-C6,C14H18O8N,334,76,m6,0.02,%
Ctr_0h_glc_r1_i1,Glucose,"1,1,0,0,0,0",0.4175,1,1,Ctr,0,hour,14_G1.CDF              ,3.6,min,Glucose,CHEBI:17234,C1-C6,C14H18O8N,335,6,,,
Ctr_0h_glc_r1_i1,Glucose,"1,1,0,0,0,0",0.4175,1,1,Ctr,0,hour,14_G1.CDF              ,3.6,min,Glucose,CHEBI:17234,C1-C6,C14H18O8N,336,60,,,
Ctr_0h_glc_r1_i2,Glucose,"1,1,0,0,0,0",0.4175,2,1,Ctr,0,hour,23_G1.CDF              ,3.6,min,Glucose,CHEBI:17234,C1-C6,C14H18O8N,327,242,,,
Ctr_0h_glc_r1_i2,Glucose,"1,1,0,0,0,0",0.4175,2,1,Ctr,0,hour,23_G1.CDF              ,3.6,min,Glucose,CHEBI:17234,C1-C6,C14H18O8N,328,69563,m0,55.02,%
Ctr_0h_glc_r1_i2,Glucose,"1,1,0,0,0,0",0.4175,2,1,Ctr,0,hour,23_G1.CDF              ,3.6,min,Glucose,CHEBI:17234,C1-C6,C14H18O8N,329,12199,m1,0.69,%
Ctr_0h_glc_r1_i2,Glucose,"1,1,0,0,0,0",0.4175,2,1,Ctr,0,hour,23_G1.CDF              ,3.6,min,Glucose,CHEBI:17234,C1-C6,C14H18O8N,330,61955,m2,43.4,%
Ctr_0h_glc_r1_i2,Glucose,"1,1,0,0,0,0",0.4175,2,1,Ctr,0,hour,23_G1.CDF              ,3.6,min,Glucose,CHEBI:17234,C1-C6,C14H18O8N,331,8477,m3,0.11,%
Ctr_0h_glc_r1_i2,Glucose,"1,1,0,0,0,0",0.4175,2,1,Ctr,0,hour,23_G1.CDF              ,3.6,min,Glucose,CHEBI:17234,C1-C6,C14H18O8N,332,1730,m4,0.79,%
Ctr_0h_glc_r1_i2,Glucose,"1,1,0,0,0,0",0.4175,2,1,Ctr,0,hour,23_G1.CDF              ,3.6,min,Glucose,CHEBI:17234,C1-C6,C14H18O8N,333,223,m5,-0.01,%
Ctr_0h_glc_r1_i2,Glucose,"1,1,0,0,0,0",0.4175,2,1,Ctr,0,hour,23_G1.CDF              ,3.6,min,Glucose,CHEBI:17234,C1-C6,C14H18O8N,334,43,m6,-0.01,%
Ctr_0h_glc_r1_i2,Glucose,"1,1,0,0,0,0",0.4175,2,1,Ctr,0,hour,23_G1.CDF              ,3.6,min,Glucose,CHEBI:17234,C1-C6,C14H18O8N,335,44,,,
Ctr_0h_glc_r1_i2,Glucose,"1,1,0,0,0,0",0.4175,2,1,Ctr,0,hour,23_G1.CDF              ,3.6,min,Glucose,CHEBI:17234,C1-C6,C14H18O8N,336,18,,,
Ctr_0h_glc_r2_i1,Glucose,"1,1,0,0,0,0",0.4175,1,2,Ctr,0,hour,22_G2.CDF              ,3.6,min,Glucose,CHEBI:17234,C1-C6,C14H18O8N,327,82,,,
Ctr_0h_glc_r2_i1,Glucose,"1,1,0,0,0,0",0.4175,1,2,Ctr,0,hour,22_G2.CDF              ,3.6,min,Glucose,CHEBI:17234,C1-C6,C14H18O8N,328,56775,m0,58.42,%
Ctr_0h_glc_r2_i1,Glucose,"1,1,0,0,0,0",0.4175,1,2,Ctr,0,hour,22_G2.CDF              ,3.6,min,Glucose,CHEBI:17234,C1-C6,C14H18O8N,329,9824,m1,0.64,%
Ctr_0h_glc_r2_i1,Glucose,"1,1,0,0,0,0",0.4175,1,2,Ctr,0,hour,22_G2.CDF              ,3.6,min,Glucose,CHEBI:17234,C1-C6,C14H18O8N,330,44035,m2,40.02,%
Ctr_0h_glc_r2_i1,Glucose,"1,1,0,0,0,0",0.4175,1,2,Ctr,0,hour,22_G2.CDF              ,3.6,min,Glucose,CHEBI:17234,C1-C6,C14H18O8N,331,6079,m3,0.16,%
Ctr_0h_glc_r2_i1,Glucose,"1,1,0,0,0,0",0.4175,1,2,Ctr,0,hour,22_G2.CDF              ,3.6,min,Glucose,CHEBI:17234,C1-C6,C14H18O8N,332,1166,m4,0.66,%
Ctr_0h_glc_r2_i1,Glucose,"1,1,0,0,0,0",0.4175,1,2,Ctr,0,hour,22_G2.CDF              ,3.6,min,Glucose,CHEBI:17234,C1-C6,C14H18O8N,333,336,m5,0.16,%
Ctr_0h_glc_r2_i1,Glucose,"1,1,0,0,0,0",0.4175,1,2,Ctr,0,hour,22_G2.CDF              ,3.6,min,Glucose,CHEBI:17234,C1-C6,C14H18O8N,334,0,m6,-0.05,%
Ctr_0h_glc_r2_i1,Glucose,"1,1,0,0,0,0",0.4175,1,2,Ctr,0,hour,22_G2.CDF              ,3.6,min,Glucose,CHEBI:17234,C1-C6,C14H18O8N,335,0,,,
Ctr_0h_glc_r2_i1,Glucose,"1,1,0,0,0,0",0.4175,1,2,Ctr,0,hour,22_G2.CDF              ,3.6,min,Glucose,CHEBI:17234,C1-C6,C14H18O8N,336,54,,,
Ctr_0h_glc_r2_i2,Glucose,"1,1,0,0,0,0",0.4175,2,2,Ctr,0,hour,27_G2.CDF              ,3.6,min,Glucose,CHEBI:17234,C1-C6,C14H18O8N,327,341,,,
Ctr_0h_glc_r2_i2,Glucose,"1,1,0,0,0,0",0.4175,2,2,Ctr,0,hour,27_G2.CDF              ,3.6,min,Glucose,CHEBI:17234,C1-C6,C14H18O8N,328,73741,m0,58.55,%
Ctr_0h_glc_r2_i2,Glucose,"1,1,0,0,0,0",0.4175,2,2,Ctr,0,hour,27_G2.CDF              ,3.6,min,Glucose,CHEBI:17234,C1-C6,C14H18O8N,329,12815,m1,0.68,%
Ctr_0h_glc_r2_i2,Glucose,"1,1,0,0,0,0",0.4175,2,2,Ctr,0,hour,27_G2.CDF              ,3.6,min,Glucose,CHEBI:17234,C1-C6,C14H18O8N,330,57254,m2,40.15,%
Ctr_0h_glc_r2_i2,Glucose,"1,1,0,0,0,0",0.4175,2,2,Ctr,0,hour,27_G2.CDF              ,3.6,min,Glucose,CHEBI:17234,C1-C6,C14H18O8N,331,7711,m3,0.02,%
Ctr_0h_glc_r2_i2,Glucose,"1,1,0,0,0,0",0.4175,2,2,Ctr,0,hour,27_G2.CDF              ,3.6,min,Glucose,CHEBI:17234,C1-C6,C14H18O8N,332,1553,m4,0.71,%
Ctr_0h_glc_r2_i2,Glucose,"1,1,0,0,0,0",0.4175,2,2,Ctr,0,hour,27_G2.CDF              ,3.6,min,Glucose,CHEBI:17234,C1-C6,C14H18O8N,333,102,m5,-0.09,%
Ctr_0h_glc_r2_i2,Glucose,"1,1,0,0,0,0",0.4175,2,2,Ctr,0,hour,27_G2.CDF              ,3.6,min,Glucose,CHEBI:17234,C1-C6,C14H18O8N,334,19,m6,-0.01,%
Ctr_0h_glc_r2_i2,Glucose,"1,1,0,0,0,0",0.4175,2,2,Ctr,0,hour,27_G2.CDF              ,3.6,min,Glucose,CHEBI:17234,C1-C6,C14H18O8N,335,0,,,
Ctr_0h_glc_r2_i2,Glucose,"1,1,0,0,0,0",0.4175,2,2,Ctr,0,hour,27_G2.CDF              ,3.6,min,Glucose,CHEBI:17234,C1-C6,C14H18O8N,336,76,,,
ID8_0h_glc_r1_i1,Glucose,"1,1,0,0,0,0",0.3474,1,1,ID8,0,hour,17_G13.CDF             ,3.6,min,Glucose,CHEBI:17234,C1-C6,C14H18O8N,327,587,,,
ID8_0h_glc_r1_i1,Glucose,"1,1,0,0,0,0",0.3474,1,1,ID8,0,hour,17_G13.CDF             ,3.6,min,Glucose,CHEBI:17234,C1-C6,C14H18O8N,328,100979,m0,61.71,%
ID8_0h_glc_r1_i1,Glucose,"1,1,0,0,0,0",0.3474,1,1,ID8,0,hour,17_G13.CDF             ,3.6,min,Glucose,CHEBI:17234,C1-C6,C14H18O8N,329,17190,m1,0.54,%
ID8_0h_glc_r1_i1,Glucose,"1,1,0,0,0,0",0.3474,1,1,ID8,0,hour,17_G13.CDF             ,3.6,min,Glucose,CHEBI:17234,C1-C6,C14H18O8N,330,68910,m2,37.07,%
ID8_0h_glc_r1_i1,Glucose,"1,1,0,0,0,0",0.3474,1,1,ID8,0,hour,17_G13.CDF             ,3.6,min,Glucose,CHEBI:17234,C1-C6,C14H18O8N,331,9179,m3,-0.04,%
ID8_0h_glc_r1_i1,Glucose,"1,1,0,0,0,0",0.3474,1,1,ID8,0,hour,17_G13.CDF             ,3.6,min,Glucose,CHEBI:17234,C1-C6,C14H18O8N,332,1905,m4,0.68,%
ID8_0h_glc_r1_i1,Glucose,"1,1,0,0,0,0",0.3474,1,1,ID8,0,hour,17_G13.CDF             ,3.6,min,Glucose,CHEBI:17234,C1-C6,C14H18O8N,333,344,m5,0.04,%
ID8_0h_glc_r1_i1,Glucose,"1,1,0,0,0,0",0.3474,1,1,ID8,0,hour,17_G13.CDF             ,3.6,min,Glucose,CHEBI:17234,C1-C6,C14H18O8N,334,86,m6,0.01,%
ID8_0h_glc_r1_i1,Glucose,"1,1,0,0,0,0",0.3474,1,1,ID8,0,hour,17_G13.CDF             ,3.6,min,Glucose,CHEBI:17234,C1-C6,C14H18O8N,335,53,,,
ID8_0h_glc_r1_i1,Glucose,"1,1,0,0,0,0",0.3474,1,1,ID8,0,hour,17_G13.CDF             ,3.6,min,Glucose,CHEBI:17234,C1-C6,C14H18O8N,336,241,,,
ID8_0h_glc_r1_i2,Glucose,"1,1,0,0,0,0",0.3474,2,1,ID8,0,hour,28_G13.CDF             ,3.6,min,Glucose,CHEBI:17234,C1-C6,C14H18O8N,327,962,,,
ID8_0h_glc_r1_i2,Glucose,"1,1,0,0,0,0",0.3474,2,1,ID8,0,hour,28_G13.CDF             ,3.6,min,Glucose,CHEBI:17234,C1-C6,C14H18O8N,328,196565,m0,61.56,%
ID8_0h_glc_r1_i2,Glucose,"1,1,0,0,0,0",0.3474,2,1,ID8,0,hour,28_G13.CDF             ,3.6,min,Glucose,CHEBI:17234,C1-C6,C14H18O8N,329,33489,m1,0.55,%
ID8_0h_glc_r1_i2,Glucose,"1,1,0,0,0,0",0.3474,2,1,ID8,0,hour,28_G13.CDF             ,3.6,min,Glucose,CHEBI:17234,C1-C6,C14H18O8N,330,134897,m2,37.2,%
ID8_0h_glc_r1_i2,Glucose,"1,1,0,0,0,0",0.3474,2,1,ID8,0,hour,28_G13.CDF             ,3.6,min,Glucose,CHEBI:17234,C1-C6,C14H18O8N,331,18435,m3,0.09,%
ID8_0h_glc_r1_i2,Glucose,"1,1,0,0,0,0",0.3474,2,1,ID8,0,hour,28_G13.CDF             ,3.6,min,Glucose,CHEBI:17234,C1-C6,C14H18O8N,332,3581,m4,0.62,%
ID8_0h_glc_r1_i2,Glucose,"1,1,0,0,0,0",0.3474,2,1,ID8,0,hour,28_G13.CDF             ,3.6,min,Glucose,CHEBI:17234,C1-C6,C14H18O8N,333,497,m5,-0.01,%
ID8_0h_glc_r1_i2,Glucose,"1,1,0,0,0,0",0.3474,2,1,ID8,0,hour,28_G13.CDF             ,3.6,min,Glucose,CHEBI:17234,C1-C6,C14H18O8N,334,89,m6,-0.01,%
ID8_0h_glc_r1_i2,Glucose,"1,1,0,0,0,0",0.3474,2,1,ID8,0,hour,28_G13.CDF             ,3.6,min,Glucose,CHEBI:17234,C1-C6,C14H18O8N,335,0,,,
ID8_0h_glc_r1_i2,Glucose,"1,1,0,0,0,0",0.3474,2,1,ID8,0,hour,28_G13.CDF             ,3.6,min,Glucose,CHEBI:17234,C1-C6,C14H18O8N,336,0,,,
ID8_0h_glc_r2_i1,Glucose,"1,1,0,0,0,0",0.3474,1,2,ID8,0,hour,23C_G14.CDF            ,3.6,min,Glucose,CHEBI:17234,C1-C6,C14H18O8N,327,461,,,
ID8_0h_glc_r2_i1,Glucose,"1,1,0,0,0,0",0.3474,1,2,ID8,0,hour,23C_G14.CDF            ,3.6,min,Glucose,CHEBI:17234,C1-C6,C14H18O8N,328,68065,m0,66.14,%
ID8_0h_glc_r2_i1,Glucose,"1,1,0,0,0,0",0.3474,1,2,ID8,0,hour,23C_G14.CDF            ,3.6,min,Glucose,CHEBI:17234,C1-C6,C14H18O8N,329,11378,m1,0.43,%
ID8_0h_glc_r2_i1,Glucose,"1,1,0,0,0,0",0.3474,1,2,ID8,0,hour,23C_G14.CDF            ,3.6,min,Glucose,CHEBI:17234,C1-C6,C14H18O8N,330,38749,m2,32.94,%
ID8_0h_glc_r2_i1,Glucose,"1,1,0,0,0,0",0.3474,1,2,ID8,0,hour,23C_G14.CDF            ,3.6,min,Glucose,CHEBI:17234,C1-C6,C14H18O8N,331,5357,m3,0.14,%
ID8_0h_glc_r2_i1,Glucose,"1,1,0,0,0,0",0.3474,1,2,ID8,0,hour,23C_G14.CDF            ,3.6,min,Glucose,CHEBI:17234,C1-C6,C14H18O8N,332,999,m4,0.51,%
ID8_0h_glc_r2_i1,Glucose,"1,1,0,0,0,0",0.3474,1,2,ID8,0,hour,23C_G14.CDF            ,3.6,min,Glucose,CHEBI:17234,C1-C6,C14H18O8N,333,0,m5,-0.14,%
ID8_0h_glc_r2_i1,Glucose,"1,1,0,0,0,0",0.3474,1,2,ID8,0,hour,23C_G14.CDF            ,3.6,min,Glucose,CHEBI:17234,C1-C6,C14H18O8N,334,0,m6,-0.02,%
ID8_0h_glc_r2_i1,Glucose,"1,1,0,0,0,0",0.3474,1,2,ID8,0,hour,23C_G14.CDF            ,3.6,min,Glucose,CHEBI:17234,C1-C6,C14H18O8N,335,0,,,
ID8_0h_glc_r2_i1,Glucose,"1,1,0,0,0,0",0.3474,1,2,ID8,0,hour,23C_G14.CDF            ,3.6,min,Glucose,CHEBI:17234,C1-C6,C14H18O8N,336,0,,,
ID8_0h_glc_r2_i2,Glucose,"1,1,0,0,0,0",0.3474,2,2,ID8,0,hour,30_G14.CDF             ,3.6,min,Glucose,CHEBI:17234,C1-C6,C14H18O8N,327,798,,,
ID8_0h_glc_r2_i2,Glucose,"1,1,0,0,0,0",0.3474,2,2,ID8,0,hour,30_G14.CDF             ,3.6,min,Glucose,CHEBI:17234,C1-C6,C14H18O8N,328,151134,m0,65.6,%
ID8_0h_glc_r2_i2,Glucose,"1,1,0,0,0,0",0.3474,2,2,ID8,0,hour,30_G14.CDF             ,3.6,min,Glucose,CHEBI:17234,C1-C6,C14H18O8N,329,25662,m1,0.59,%
ID8_0h_glc_r2_i2,Glucose,"1,1,0,0,0,0",0.3474,2,2,ID8,0,hour,30_G14.CDF             ,3.6,min,Glucose,CHEBI:17234,C1-C6,C14H18O8N,330,87166,m2,33.08,%
ID8_0h_glc_r2_i2,Glucose,"1,1,0,0,0,0",0.3474,2,2,ID8,0,hour,30_G14.CDF             ,3.6,min,Glucose,CHEBI:17234,C1-C6,C14H18O8N,331,12002,m3,0.12,%
ID8_0h_glc_r2_i2,Glucose,"1,1,0,0,0,0",0.3474,2,2,ID8,0,hour,30_G14.CDF             ,3.6,min,Glucose,CHEBI:17234,C1-C6,C14H18O8N,332,2297,m4,0.54,%
ID8_0h_glc_r2_i2,Glucose,"1,1,0,0,0,0",0.3474,2,2,ID8,0,hour,30_G14.CDF             ,3.6,min,Glucose,CHEBI:17234,C1-C6,C14H18O8N,333,519,m5,0.07,%
ID8_0h_glc_r2_i2,Glucose,"1,1,0,0,0,0",0.3474,2,2,ID8,0,hour,30_G14.CDF             ,3.6,min,Glucose,CHEBI:17234,C1-C6,C14H18O8N,334,134,m6,0.01,%
ID8_0h_glc_r2_i2,Glucose,"1,1,0,0,0,0",0.3474,2,2,ID8,0,hour,30_G14.CDF             ,3.6,min,Glucose,CHEBI:17234,C1-C6,C14H18O8N,335,30,,,
ID8_0h_glc_r2_i2,Glucose,"1,1,0,0,0,0",0.3474,2,2,ID8,0,hour,30_G14.CDF             ,3.6,min,Glucose,CHEBI:17234,C1-C6,C14H18O8N,336,162,,,
coldcom_glc_i1,,,,1,1,cold_commercial,,hour,04B_Coldcom_G.CDF      ,3.6,min,Glucose,CHEBI:17234,C1-C6,C14H18O8N,327,435,,,
coldcom_glc_i1,,,,1,1,cold_commercial,,hour,04B_Coldcom_G.CDF      ,3.6,min,Glucose,CHEBI:17234,C1-C6,C14H18O8N,328,92543,m0,99.97,%
coldcom_glc_i1,,,,1,1,cold_commercial,,hour,04B_Coldcom_G.CDF      ,3.6,min,Glucose,CHEBI:17234,C1-C6,C14H18O8N,329,14548,m1,0,%
coldcom_glc_i1,,,,1,1,cold_commercial,,hour,04B_Coldcom_G.CDF      ,3.6,min,Glucose,CHEBI:17234,C1-C6,C14H18O8N,330,2869,m2,0.04,%
coldcom_glc_i1,,,,1,1,cold_commercial,,hour,04B_Coldcom_G.CDF      ,3.6,min,Glucose,CHEBI:17234,C1-C6,C14H18O8N,331,376,m3,-0.01,%
coldcom_glc_i1,,,,1,1,cold_commercial,,hour,04B_Coldcom_G.CDF      ,3.6,min,Glucose,CHEBI:17234,C1-C6,C14H18O8N,332,121,m4,0.02,%
coldcom_glc_i1,,,,1,1,cold_commercial,,hour,04B_Coldcom_G.CDF      ,3.6,min,Glucose,CHEBI:17234,C1-C6,C14H18O8N,333,49,m5,-0.02,%
coldcom_glc_i1,,,,1,1,cold_commercial,,hour,04B_Coldcom_G.CDF      ,3.6,min,Glucose,CHEBI:17234,C1-C6,C14H18O8N,334,36,m6,0.01,%
coldcom_glc_i1,,,,1,1,cold_commercial,,hour,04B_Coldcom_G.CDF      ,3.6,min,Glucose,CHEBI:17234,C1-C6,C14H18O8N,335,0,,,
coldcom_glc_i1,,,,1,1,cold_commercial,,hour,04B_Coldcom_G.CDF      ,3.6,min,Glucose,CHEBI:17234,C1-C6,C14H18O8N,336,52,,,
coldcom_glc_i2,,,,2,1,cold_commercial,,hour,21_Coldcom_G.CDF       ,3.6,min,Glucose,CHEBI:17234,C1-C6,C14H18O8N,327,442,,,
coldcom_glc_i2,,,,2,1,cold_commercial,,hour,21_Coldcom_G.CDF       ,3.6,min,Glucose,CHEBI:17234,C1-C6,C14H18O8N,328,108487,m0,99.99,%
coldcom_glc_i2,,,,2,1,cold_commercial,,hour,21_Coldcom_G.CDF       ,3.6,min,Glucose,CHEBI:17234,C1-C6,C14H18O8N,329,17031,m1,-0.02,%
coldcom_glc_i2,,,,2,1,cold_commercial,,hour,21_Coldcom_G.CDF       ,3.6,min,Glucose,CHEBI:17234,C1-C6,C14H18O8N,330,3324,m2,0,%
coldcom_glc_i2,,,,2,1,cold_commercial,,hour,21_Coldcom_G.CDF       ,3.6,min,Glucose,CHEBI:17234,C1-C6,C14H18O8N,331,430,m3,-0.01,%
coldcom_glc_i2,,,,2,1,cold_commercial,,hour,21_Coldcom_G.CDF       ,3.6,min,Glucose,CHEBI:17234,C1-C6,C14H18O8N,332,123,m4,0,%
coldcom_glc_i2,,,,2,1,cold_commercial,,hour,21_Coldcom_G.CDF       ,3.6,min,Glucose,CHEBI:17234,C1-C6,C14H18O8N,333,96,m5,0.01,%
coldcom_glc_i2,,,,2,1,cold_commercial,,hour,21_Coldcom_G.CDF       ,3.6,min,Glucose,CHEBI:17234,C1-C6,C14H18O8N,334,70,m6,0.03,%
coldcom_glc_i2,,,,2,1,cold_commercial,,hour,21_Coldcom_G.CDF       ,3.6,min,Glucose,CHEBI:17234,C1-C6,C14H18O8N,335,107,,,
coldcom_glc_i2,,,,2,1,cold_commercial,,hour,21_Coldcom_G.CDF       ,3.6,min,Glucose,CHEBI:17234,C1-C6,C14H18O8N,336,10,,,
coldcom_glc_i3,,,,3,1,cold_commercial,,hour,32_Coldcom_G.CDF       ,3.6,min,Glucose,CHEBI:17234,C1-C6,C14H18O8N,327,679,,,
coldcom_glc_i3,,,,3,1,cold_commercial,,hour,32_Coldcom_G.CDF       ,3.6,min,Glucose,CHEBI:17234,C1-C6,C14H18O8N,328,176546,m0,100.04,%
coldcom_glc_i3,,,,3,1,cold_commercial,,hour,32_Coldcom_G.CDF       ,3.6,min,Glucose,CHEBI:17234,C1-C6,C14H18O8N,329,27800,m1,0.02,%
coldcom_glc_i3,,,,3,1,cold_commercial,,hour,32_Coldcom_G.CDF       ,3.6,min,Glucose,CHEBI:17234,C1-C6,C14H18O8N,330,5338,m2,-0.04,%
coldcom_glc_i3,,,,3,1,cold_commercial,,hour,32_Coldcom_G.CDF       ,3.6,min,Glucose,CHEBI:17234,C1-C6,C14H18O8N,331,752,m3,0.02,%
coldcom_glc_i3,,,,3,1,cold_commercial,,hour,32_Coldcom_G.CDF       ,3.6,min,Glucose,CHEBI:17234,C1-C6,C14H18O8N,332,159,m4,-0.02,%
coldcom_glc_i3,,,,3,1,cold_commercial,,hour,32_Coldcom_G.CDF       ,3.6,min,Glucose,CHEBI:17234,C1-C6,C14H18O8N,333,151,m5,0.01,%
coldcom_glc_i3,,,,3,1,cold_commercial,,hour,32_Coldcom_G.CDF       ,3.6,min,Glucose,CHEBI:17234,C1-C6,C14H18O8N,334,6,m6,-0.03,%
coldcom_glc_i3,,,,3,1,cold_commercial,,hour,32_Coldcom_G.CDF       ,3.6,min,Glucose,CHEBI:17234,C1-C6,C14H18O8N,335,132,,,
coldcom_glc_i3,,,,3,1,cold_commercial,,hour,32_Coldcom_G.CDF       ,3.6,min,Glucose,CHEBI:17234,C1-C6,C14H18O8N,336,103,,,
Ctr_18h_lac_r1_i1,Glucose,"1,1,0,0,0,0",0.4175,1,1,Ctr,18,hour,36_L10.CDF             ,5.2,min,Lactate,CHEBI:24996,C1-C3,C10H13O3NF7,327,7297,,,
Ctr_18h_lac_r1_i1,Glucose,"1,1,0,0,0,0",0.4175,1,1,Ctr,18,hour,36_L10.CDF             ,5.2,min,Lactate,CHEBI:24996,C1-C3,C10H13O3NF7,328,260621,m0,93.63,%
Ctr_18h_lac_r1_i1,Glucose,"1,1,0,0,0,0",0.4175,1,1,Ctr,18,hour,36_L10.CDF             ,5.2,min,Lactate,CHEBI:24996,C1-C3,C10H13O3NF7,329,31097,m1,0.05,%
Ctr_18h_lac_r1_i1,Glucose,"1,1,0,0,0,0",0.4175,1,1,Ctr,18,hour,36_L10.CDF             ,5.2,min,Lactate,CHEBI:24996,C1-C3,C10H13O3NF7,330,23456,m2,6.4,%
Ctr_18h_lac_r1_i1,Glucose,"1,1,0,0,0,0",0.4175,1,1,Ctr,18,hour,36_L10.CDF             ,5.2,min,Lactate,CHEBI:24996,C1-C3,C10H13O3NF7,331,2307,m3,-0.08,%
Ctr_18h_lac_r1_i1,Glucose,"1,1,0,0,0,0",0.4175,1,1,Ctr,18,hour,36_L10.CDF             ,5.2,min,Lactate,CHEBI:24996,C1-C3,C10H13O3NF7,332,472,,,
Ctr_18h_lac_r1_i2,Glucose,"1,1,0,0,0,0",0.4175,2,1,Ctr,18,hour,39_L10.CDF             ,5.2,min,Lactate,CHEBI:24996,C1-C3,C10H13O3NF7,327,10490,,,
Ctr_18h_lac_r1_i2,Glucose,"1,1,0,0,0,0",0.4175,2,1,Ctr,18,hour,39_L10.CDF             ,5.2,min,Lactate,CHEBI:24996,C1-C3,C10H13O3NF7,328,367564,m0,93.53,%
Ctr_18h_lac_r1_i2,Glucose,"1,1,0,0,0,0",0.4175,2,1,Ctr,18,hour,39_L10.CDF             ,5.2,min,Lactate,CHEBI:24996,C1-C3,C10H13O3NF7,329,44032,m1,0.09,%
Ctr_18h_lac_r1_i2,Glucose,"1,1,0,0,0,0",0.4175,2,1,Ctr,18,hour,39_L10.CDF             ,5.2,min,Lactate,CHEBI:24996,C1-C3,C10H13O3NF7,330,33233,m2,6.42,%
Ctr_18h_lac_r1_i2,Glucose,"1,1,0,0,0,0",0.4175,2,1,Ctr,18,hour,39_L10.CDF             ,5.2,min,Lactate,CHEBI:24996,C1-C3,C10H13O3NF7,331,3411,m3,-0.04,%
Ctr_18h_lac_r1_i2,Glucose,"1,1,0,0,0,0",0.4175,2,1,Ctr,18,hour,39_L10.CDF             ,5.2,min,Lactate,CHEBI:24996,C1-C3,C10H13O3NF7,332,880,,,
Ctr_18h_lac_r2_i1,Glucose,"1,1,0,0,0,0",0.4175,1,2,Ctr,18,hour,29_L11.CDF             ,5.2,min,Lactate,CHEBI:24996,C1-C3,C10H13O3NF7,327,9380,,,
Ctr_18h_lac_r2_i1,Glucose,"1,1,0,0,0,0",0.4175,1,2,Ctr,18,hour,29_L11.CDF             ,5.2,min,Lactate,CHEBI:24996,C1-C3,C10H13O3NF7,328,309117,m0,92.97,%
Ctr_18h_lac_r2_i1,Glucose,"1,1,0,0,0,0",0.4175,1,2,Ctr,18,hour,29_L11.CDF             ,5.2,min,Lactate,CHEBI:24996,C1-C3,C10H13O3NF7,329,37878,m1,0.33,%
Ctr_18h_lac_r2_i1,Glucose,"1,1,0,0,0,0",0.4175,1,2,Ctr,18,hour,29_L11.CDF             ,5.2,min,Lactate,CHEBI:24996,C1-C3,C10H13O3NF7,330,28517,m2,6.5,%
Ctr_18h_lac_r2_i1,Glucose,"1,1,0,0,0,0",0.4175,1,2,Ctr,18,hour,29_L11.CDF             ,5.2,min,Lactate,CHEBI:24996,C1-C3,C10H13O3NF7,331,3760,m3,0.19,%
Ctr_18h_lac_r2_i1,Glucose,"1,1,0,0,0,0",0.4175,1,2,Ctr,18,hour,29_L11.CDF             ,5.2,min,Lactate,CHEBI:24996,C1-C3,C10H13O3NF7,332,1143,,,
Ctr_18h_lac_r2_i2,Glucose,"1,1,0,0,0,0",0.4175,2,2,Ctr,18,hour,39B_L11.CDF            ,5.2,min,Lactate,CHEBI:24996,C1-C3,C10H13O3NF7,327,7774,,,
Ctr_18h_lac_r2_i2,Glucose,"1,1,0,0,0,0",0.4175,2,2,Ctr,18,hour,39B_L11.CDF            ,5.2,min,Lactate,CHEBI:24996,C1-C3,C10H13O3NF7,328,259923,m0,93.08,%
Ctr_18h_lac_r2_i2,Glucose,"1,1,0,0,0,0",0.4175,2,2,Ctr,18,hour,39B_L11.CDF            ,5.2,min,Lactate,CHEBI:24996,C1-C3,C10H13O3NF7,329,31756,m1,0.3,%
Ctr_18h_lac_r2_i2,Glucose,"1,1,0,0,0,0",0.4175,2,2,Ctr,18,hour,39B_L11.CDF            ,5.2,min,Lactate,CHEBI:24996,C1-C3,C10H13O3NF7,330,23909,m2,6.5,%
Ctr_18h_lac_r2_i2,Glucose,"1,1,0,0,0,0",0.4175,2,2,Ctr,18,hour,39B_L11.CDF            ,5.2,min,Lactate,CHEBI:24996,C1-C3,C10H13O3NF7,331,2932,m3,0.12,%
Ctr_18h_lac_r2_i2,Glucose,"1,1,0,0,0,0",0.4175,2,2,Ctr,18,hour,39B_L11.CDF            ,5.2,min,Lactate,CHEBI:24996,C1-C3,C10H13O3NF7,332,766,,,
ID8_18h_lac_r1_i1,Glucose,"1,1,0,0,0,0",0.3474,1,1,ID8,18,hour,58_L22.CDF             ,5.2,min,Lactate,CHEBI:24996,C1-C3,C10H13O3NF7,327,4454,,,
ID8_18h_lac_r1_i1,Glucose,"1,1,0,0,0,0",0.3474,1,1,ID8,18,hour,58_L22.CDF             ,5.2,min,Lactate,CHEBI:24996,C1-C3,C10H13O3NF7,328,150107,m0,89.56,%
ID8_18h_lac_r1_i1,Glucose,"1,1,0,0,0,0",0.3474,1,1,ID8,18,hour,58_L22.CDF             ,5.2,min,Lactate,CHEBI:24996,C1-C3,C10H13O3NF7,329,18902,m1,0.49,%
ID8_18h_lac_r1_i1,Glucose,"1,1,0,0,0,0",0.3474,1,1,ID8,18,hour,58_L22.CDF             ,5.2,min,Lactate,CHEBI:24996,C1-C3,C10H13O3NF7,330,20266,m2,9.87,%
ID8_18h_lac_r1_i1,Glucose,"1,1,0,0,0,0",0.3474,1,1,ID8,18,hour,58_L22.CDF             ,5.2,min,Lactate,CHEBI:24996,C1-C3,C10H13O3NF7,331,2217,m3,0.08,%
ID8_18h_lac_r1_i1,Glucose,"1,1,0,0,0,0",0.3474,1,1,ID8,18,hour,58_L22.CDF             ,5.2,min,Lactate,CHEBI:24996,C1-C3,C10H13O3NF7,332,486,,,
ID8_18h_lac_r1_i2,Glucose,"1,1,0,0,0,0",0.3474,2,1,ID8,18,hour,60_L22.CDF             ,5.2,min,Lactate,CHEBI:24996,C1-C3,C10H13O3NF7,327,10567,,,
ID8_18h_lac_r1_i2,Glucose,"1,1,0,0,0,0",0.3474,2,1,ID8,18,hour,60_L22.CDF             ,5.2,min,Lactate,CHEBI:24996,C1-C3,C10H13O3NF7,328,365006,m0,89.82,%
ID8_18h_lac_r1_i2,Glucose,"1,1,0,0,0,0",0.3474,2,1,ID8,18,hour,60_L22.CDF             ,5.2,min,Lactate,CHEBI:24996,C1-C3,C10H13O3NF7,329,45417,m1,0.36,%
ID8_18h_lac_r1_i2,Glucose,"1,1,0,0,0,0",0.3474,2,1,ID8,18,hour,60_L22.CDF             ,5.2,min,Lactate,CHEBI:24996,C1-C3,C10H13O3NF7,330,48882,m2,9.82,%
ID8_18h_lac_r1_i2,Glucose,"1,1,0,0,0,0",0.3474,2,1,ID8,18,hour,60_L22.CDF             ,5.2,min,Lactate,CHEBI:24996,C1-C3,C10H13O3NF7,331,4979,m3,0,%
ID8_18h_lac_r1_i2,Glucose,"1,1,0,0,0,0",0.3474,2,1,ID8,18,hour,60_L22.CDF             ,5.2,min,Lactate,CHEBI:24996,C1-C3,C10H13O3NF7,332,1053,,,
ID8_18h_lac_r2_i1,Glucose,"1,1,0,0,0,0",0.3474,1,2,ID8,18,hour,62_L24.CDF             ,5.2,min,Lactate,CHEBI:24996,C1-C3,C10H13O3NF7,327,10623,,,
ID8_18h_lac_r2_i1,Glucose,"1,1,0,0,0,0",0.3474,1,2,ID8,18,hour,62_L24.CDF             ,5.2,min,Lactate,CHEBI:24996,C1-C3,C10H13O3NF7,328,375319,m0,93.18,%
ID8_18h_lac_r2_i1,Glucose,"1,1,0,0,0,0",0.3474,1,2,ID8,18,hour,62_L24.CDF             ,5.2,min,Lactate,CHEBI:24996,C1-C3,C10H13O3NF7,329,44610,m1,-0.01,%
ID8_18h_lac_r2_i1,Glucose,"1,1,0,0,0,0",0.3474,1,2,ID8,18,hour,62_L24.CDF             ,5.2,min,Lactate,CHEBI:24996,C1-C3,C10H13O3NF7,330,35982,m2,6.89,%
ID8_18h_lac_r2_i1,Glucose,"1,1,0,0,0,0",0.3474,1,2,ID8,18,hour,62_L24.CDF             ,5.2,min,Lactate,CHEBI:24996,C1-C3,C10H13O3NF7,331,3582,m3,-0.06,%
ID8_18h_lac_r2_i1,Glucose,"1,1,0,0,0,0",0.3474,1,2,ID8,18,hour,62_L24.CDF             ,5.2,min,Lactate,CHEBI:24996,C1-C3,C10H13O3NF7,332,940,,,
ID8_18h_lac_r2_i2,Glucose,"1,1,0,0,0,0",0.3474,2,2,ID8,18,hour,64_L24.CDF             ,5.2,min,Lactate,CHEBI:24996,C1-C3,C10H13O3NF7,327,10325,,,
ID8_18h_lac_r2_i2,Glucose,"1,1,0,0,0,0",0.3474,2,2,ID8,18,hour,64_L24.CDF             ,5.2,min,Lactate,CHEBI:24996,C1-C3,C10H13O3NF7,328,352134,m0,92.96,%
ID8_18h_lac_r2_i2,Glucose,"1,1,0,0,0,0",0.3474,2,2,ID8,18,hour,64_L24.CDF             ,5.2,min,Lactate,CHEBI:24996,C1-C3,C10H13O3NF7,329,42430,m1,0.14,%
ID8_18h_lac_r2_i2,Glucose,"1,1,0,0,0,0",0.3474,2,2,ID8,18,hour,64_L24.CDF             ,5.2,min,Lactate,CHEBI:24996,C1-C3,C10H13O3NF7,330,33812,m2,6.86,%
ID8_18h_lac_r2_i2,Glucose,"1,1,0,0,0,0",0.3474,2,2,ID8,18,hour,64_L24.CDF             ,5.2,min,Lactate,CHEBI:24996,C1-C3,C10H13O3NF7,331,3767,m3,0.04,%
ID8_18h_lac_r2_i2,Glucose,"1,1,0,0,0,0",0.3474,2,2,ID8,18,hour,64_L24.CDF             ,5.2,min,Lactate,CHEBI:24996,C1-C3,C10H13O3NF7,332,1043,,,
coldnat_lac_i1,,,,1,,cold_natural,,hour,04_Coldnat_L27.CDF     ,5.2,min,Lactate,CHEBI:24996,C1-C3,C10H13O3NF7,327,6877,,,
coldnat_lac_i1,,,,1,,cold_natural,,hour,04_Coldnat_L27.CDF     ,5.2,min,Lactate,CHEBI:24996,C1-C3,C10H13O3NF7,328,248105,m0,99.9,%
coldnat_lac_i1,,,,1,,cold_natural,,hour,04_Coldnat_L27.CDF     ,5.2,min,Lactate,CHEBI:24996,C1-C3,C10H13O3NF7,329,29359,m1,0.19,%
coldnat_lac_i1,,,,1,,cold_natural,,hour,04_Coldnat_L27.CDF     ,5.2,min,Lactate,CHEBI:24996,C1-C3,C10H13O3NF7,330,4349,m2,-0.04,%
coldnat_lac_i1,,,,1,,cold_natural,,hour,04_Coldnat_L27.CDF     ,5.2,min,Lactate,CHEBI:24996,C1-C3,C10H13O3NF7,331,637,m3,-0.05,%
coldnat_lac_i1,,,,1,,cold_natural,,hour,04_Coldnat_L27.CDF     ,5.2,min,Lactate,CHEBI:24996,C1-C3,C10H13O3NF7,332,291,,,
coldnat_lac_i2,,,,2,,cold_natural,,hour,17B_Coldnat_L27.CDF    ,5.2,min,Lactate,CHEBI:24996,C1-C3,C10H13O3NF7,327,5965,,,
coldnat_lac_i2,,,,2,,cold_natural,,hour,17B_Coldnat_L27.CDF    ,5.2,min,Lactate,CHEBI:24996,C1-C3,C10H13O3NF7,328,198364,m0,100.1,%
coldnat_lac_i2,,,,2,,cold_natural,,hour,17B_Coldnat_L27.CDF    ,5.2,min,Lactate,CHEBI:24996,C1-C3,C10H13O3NF7,329,22702,m1,-0.19,%
coldnat_lac_i2,,,,2,,cold_natural,,hour,17B_Coldnat_L27.CDF    ,5.2,min,Lactate,CHEBI:24996,C1-C3,C10H13O3NF7,330,3571,m2,0.04,%
coldnat_lac_i2,,,,2,,cold_natural,,hour,17B_Coldnat_L27.CDF    ,5.2,min,Lactate,CHEBI:24996,C1-C3,C10H13O3NF7,331,748,m3,0.05,%
coldnat_lac_i2,,,,2,,cold_natural,,hour,17B_Coldnat_L27.CDF    ,5.2,min,Lactate,CHEBI:24996,C1-C3,C10H13O3NF7,332,593,,,
Ctr_18h_glu_r1_i1,Glucose,"1,1,0,0,0,0",0.4175,1,1,Ctr,18,hour,26_E10.CDF,3.6,min,L-Glutamate,CHEBI:29985,C2-C4,C5H5ONF3,151,3913,,,
Ctr_18h_glu_r1_i1,Glucose,"1,1,0,0,0,0",0.4175,1,1,Ctr,18,hour,26_E10.CDF,3.6,min,L-Glutamate,CHEBI:29985,C2-C4,C5H5ONF3,152,442442,m0,99.31,%
Ctr_18h_glu_r1_i1,Glucose,"1,1,0,0,0,0",0.4175,1,1,Ctr,18,hour,26_E10.CDF,3.6,min,L-Glutamate,CHEBI:29985,C2-C4,C5H5ONF3,153,70971,m1,0.74,%
Ctr_18h_glu_r1_i1,Glucose,"1,1,0,0,0,0",0.4175,1,1,Ctr,18,hour,26_E10.CDF,3.6,min,L-Glutamate,CHEBI:29985,C2-C4,C5H5ONF3,154,8252,m2,0.03,%
Ctr_18h_glu_r1_i1,Glucose,"1,1,0,0,0,0",0.4175,1,1,Ctr,18,hour,26_E10.CDF,3.6,min,L-Glutamate,CHEBI:29985,C2-C4,C5H5ONF3,155,1470,m3,-0.08,%
Ctr_18h_glu_r1_i1,Glucose,"1,1,0,0,0,0",0.4175,1,1,Ctr,18,hour,26_E10.CDF,3.6,min,L-Glutamate,CHEBI:29985,C2-C4,C5H5ONF3,156,1867,,,
Ctr_18h_glu_r1_i1,Glucose,"1,1,0,0,0,0",0.4175,1,1,Ctr,18,hour,26_E10.CDF,3.6,min,L-Glutamate,CHEBI:29985,C2-C4,C5H5ONF3,157,299,,,
Ctr_18h_glu_r1_i1,Glucose,"1,1,0,0,0,0",0.4175,1,1,Ctr,18,hour,26_E10.CDF,3.6,min,L-Glutamate,CHEBI:29985,C2-C5,C6H7O3NF3,197,3894,,,
Ctr_18h_glu_r1_i1,Glucose,"1,1,0,0,0,0",0.4175,1,1,Ctr,18,hour,26_E10.CDF,3.6,min,L-Glutamate,CHEBI:29985,C2-C5,C6H7O3NF3,198,538445,m0,99.23,%
Ctr_18h_glu_r1_i1,Glucose,"1,1,0,0,0,0",0.4175,1,1,Ctr,18,hour,26_E10.CDF,3.6,min,L-Glutamate,CHEBI:29985,C2-C5,C6H7O3NF3,199,40751,m1,0.39,%
Ctr_18h_glu_r1_i1,Glucose,"1,1,0,0,0,0",0.4175,1,1,Ctr,18,hour,26_E10.CDF,3.6,min,L-Glutamate,CHEBI:29985,C2-C5,C6H7O3NF3,200,6695,m2,0.34,%
Ctr_18h_glu_r1_i1,Glucose,"1,1,0,0,0,0",0.4175,1,1,Ctr,18,hour,26_E10.CDF,3.6,min,L-Glutamate,CHEBI:29985,C2-C5,C6H7O3NF3,201,522,m3,0.04,%
Ctr_18h_glu_r1_i1,Glucose,"1,1,0,0,0,0",0.4175,1,1,Ctr,18,hour,26_E10.CDF,3.6,min,L-Glutamate,CHEBI:29985,C2-C5,C6H7O3NF3,202,834,m4,0.01,%
Ctr_18h_glu_r1_i2,Glucose,"1,1,0,0,0,0",0.4175,2,1,Ctr,18,hour,27_E10.CDF,3.6,min,L-Glutamate,CHEBI:29985,C2-C4,C5H5ONF3,151,3183,,,
Ctr_18h_glu_r1_i2,Glucose,"1,1,0,0,0,0",0.4175,2,1,Ctr,18,hour,27_E10.CDF,3.6,min,L-Glutamate,CHEBI:29985,C2-C4,C5H5ONF3,152,361194,m0,99.27,%
Ctr_18h_glu_r1_i2,Glucose,"1,1,0,0,0,0",0.4175,2,1,Ctr,18,hour,27_E10.CDF,3.6,min,L-Glutamate,CHEBI:29985,C2-C4,C5H5ONF3,153,57999,m1,0.76,%
Ctr_18h_glu_r1_i2,Glucose,"1,1,0,0,0,0",0.4175,2,1,Ctr,18,hour,27_E10.CDF,3.6,min,L-Glutamate,CHEBI:29985,C2-C4,C5H5ONF3,154,6671,m2,0.01,%
Ctr_18h_glu_r1_i2,Glucose,"1,1,0,0,0,0",0.4175,2,1,Ctr,18,hour,27_E10.CDF,3.6,min,L-Glutamate,CHEBI:29985,C2-C4,C5H5ONF3,155,1373,m3,-0.03,%
Ctr_18h_glu_r1_i2,Glucose,"1,1,0,0,0,0",0.4175,2,1,Ctr,18,hour,27_E10.CDF,3.6,min,L-Glutamate,CHEBI:29985,C2-C4,C5H5ONF3,156,1479,,,
Ctr_18h_glu_r1_i2,Glucose,"1,1,0,0,0,0",0.4175,2,1,Ctr,18,hour,27_E10.CDF,3.6,min,L-Glutamate,CHEBI:29985,C2-C4,C5H5ONF3,157,253,,,
Ctr_18h_glu_r1_i2,Glucose,"1,1,0,0,0,0",0.4175,2,1,Ctr,18,hour,27_E10.CDF,3.6,min,L-Glutamate,CHEBI:29985,C2-C5,C6H7O3NF3,197,3112,,,
Ctr_18h_glu_r1_i2,Glucose,"1,1,0,0,0,0",0.4175,2,1,Ctr,18,hour,27_E10.CDF,3.6,min,L-Glutamate,CHEBI:29985,C2-C5,C6H7O3NF3,198,438399,m0,99.24,%
Ctr_18h_glu_r1_i2,Glucose,"1,1,0,0,0,0",0.4175,2,1,Ctr,18,hour,27_E10.CDF,3.6,min,L-Glutamate,CHEBI:29985,C2-C5,C6H7O3NF3,199,33185,m1,0.39,%
Ctr_18h_glu_r1_i2,Glucose,"1,1,0,0,0,0",0.4175,2,1,Ctr,18,hour,27_E10.CDF,3.6,min,L-Glutamate,CHEBI:29985,C2-C5,C6H7O3NF3,200,5451,m2,0.34,%
Ctr_18h_glu_r1_i2,Glucose,"1,1,0,0,0,0",0.4175,2,1,Ctr,18,hour,27_E10.CDF,3.6,min,L-Glutamate,CHEBI:29985,C2-C5,C6H7O3NF3,201,361,m3,0.03,%
Ctr_18h_glu_r1_i2,Glucose,"1,1,0,0,0,0",0.4175,2,1,Ctr,18,hour,27_E10.CDF,3.6,min,L-Glutamate,CHEBI:29985,C2-C5,C6H7O3NF3,202,688,m4,0.01,%
Ctr_18h_glu_r2_i1,Glucose,"1,1,0,0,0,0",0.4175,1,2,Ctr,18,hour,28_E11.CDF,3.6,min,L-Glutamate,CHEBI:29985,C2-C4,C5H5ONF3,151,3419,,,
Ctr_18h_glu_r2_i1,Glucose,"1,1,0,0,0,0",0.4175,1,2,Ctr,18,hour,28_E11.CDF,3.6,min,L-Glutamate,CHEBI:29985,C2-C4,C5H5ONF3,152,385148,m0,99.46,%
Ctr_18h_glu_r2_i1,Glucose,"1,1,0,0,0,0",0.4175,1,2,Ctr,18,hour,28_E11.CDF,3.6,min,L-Glutamate,CHEBI:29985,C2-C4,C5H5ONF3,153,61226,m1,0.6,%
Ctr_18h_glu_r2_i1,Glucose,"1,1,0,0,0,0",0.4175,1,2,Ctr,18,hour,28_E11.CDF,3.6,min,L-Glutamate,CHEBI:29985,C2-C4,C5H5ONF3,154,6973,m2,-0.01,%
Ctr_18h_glu_r2_i1,Glucose,"1,1,0,0,0,0",0.4175,1,2,Ctr,18,hour,28_E11.CDF,3.6,min,L-Glutamate,CHEBI:29985,C2-C4,C5H5ONF3,155,1356,m3,-0.05,%
Ctr_18h_glu_r2_i1,Glucose,"1,1,0,0,0,0",0.4175,1,2,Ctr,18,hour,28_E11.CDF,3.6,min,L-Glutamate,CHEBI:29985,C2-C4,C5H5ONF3,156,1600,,,
Ctr_18h_glu_r2_i1,Glucose,"1,1,0,0,0,0",0.4175,1,2,Ctr,18,hour,28_E11.CDF,3.6,min,L-Glutamate,CHEBI:29985,C2-C4,C5H5ONF3,157,310,,,
Ctr_18h_glu_r2_i1,Glucose,"1,1,0,0,0,0",0.4175,1,2,Ctr,18,hour,28_E11.CDF,3.6,min,L-Glutamate,CHEBI:29985,C2-C5,C6H7O3NF3,197,3229,,,
Ctr_18h_glu_r2_i1,Glucose,"1,1,0,0,0,0",0.4175,1,2,Ctr,18,hour,28_E11.CDF,3.6,min,L-Glutamate,CHEBI:29985,C2-C5,C6H7O3NF3,198,468853,m0,99.17,%
Ctr_18h_glu_r2_i1,Glucose,"1,1,0,0,0,0",0.4175,1,2,Ctr,18,hour,28_E11.CDF,3.6,min,L-Glutamate,CHEBI:29985,C2-C5,C6H7O3NF3,199,35613,m1,0.41,%
Ctr_18h_glu_r2_i1,Glucose,"1,1,0,0,0,0",0.4175,1,2,Ctr,18,hour,28_E11.CDF,3.6,min,L-Glutamate,CHEBI:29985,C2-C5,C6H7O3NF3,200,5953,m2,0.36,%
Ctr_18h_glu_r2_i1,Glucose,"1,1,0,0,0,0",0.4175,1,2,Ctr,18,hour,28_E11.CDF,3.6,min,L-Glutamate,CHEBI:29985,C2-C5,C6H7O3NF3,201,511,m3,0.05,%
Ctr_18h_glu_r2_i1,Glucose,"1,1,0,0,0,0",0.4175,1,2,Ctr,18,hour,28_E11.CDF,3.6,min,L-Glutamate,CHEBI:29985,C2-C5,C6H7O3NF3,202,718,m4,0,%
Ctr_18h_glu_r2_i2,Glucose,"1,1,0,0,0,0",0.4175,2,2,Ctr,18,hour,30_E11.CDF,3.6,min,L-Glutamate,CHEBI:29985,C2-C4,C5H5ONF3,151,3114,,,
Ctr_18h_glu_r2_i2,Glucose,"1,1,0,0,0,0",0.4175,2,2,Ctr,18,hour,30_E11.CDF,3.6,min,L-Glutamate,CHEBI:29985,C2-C4,C5H5ONF3,152,358483,m0,99.42,%
Ctr_18h_glu_r2_i2,Glucose,"1,1,0,0,0,0",0.4175,2,2,Ctr,18,hour,30_E11.CDF,3.6,min,L-Glutamate,CHEBI:29985,C2-C4,C5H5ONF3,153,57104,m1,0.63,%
Ctr_18h_glu_r2_i2,Glucose,"1,1,0,0,0,0",0.4175,2,2,Ctr,18,hour,30_E11.CDF,3.6,min,L-Glutamate,CHEBI:29985,C2-C4,C5H5ONF3,154,6521,m2,0,%
Ctr_18h_glu_r2_i2,Glucose,"1,1,0,0,0,0",0.4175,2,2,Ctr,18,hour,30_E11.CDF,3.6,min,L-Glutamate,CHEBI:29985,C2-C4,C5H5ONF3,155,1292,m3,-0.05,%
Ctr_18h_glu_r2_i2,Glucose,"1,1,0,0,0,0",0.4175,2,2,Ctr,18,hour,30_E11.CDF,3.6,min,L-Glutamate,CHEBI:29985,C2-C4,C5H5ONF3,156,1433,,,
Ctr_18h_glu_r2_i2,Glucose,"1,1,0,0,0,0",0.4175,2,2,Ctr,18,hour,30_E11.CDF,3.6,min,L-Glutamate,CHEBI:29985,C2-C4,C5H5ONF3,157,306,,,
Ctr_18h_glu_r2_i2,Glucose,"1,1,0,0,0,0",0.4175,2,2,Ctr,18,hour,30_E11.CDF,3.6,min,L-Glutamate,CHEBI:29985,C2-C5,C6H7O3NF3,197,2997,,,
Ctr_18h_glu_r2_i2,Glucose,"1,1,0,0,0,0",0.4175,2,2,Ctr,18,hour,30_E11.CDF,3.6,min,L-Glutamate,CHEBI:29985,C2-C5,C6H7O3NF3,198,437158,m0,99.19,%
Ctr_18h_glu_r2_i2,Glucose,"1,1,0,0,0,0",0.4175,2,2,Ctr,18,hour,30_E11.CDF,3.6,min,L-Glutamate,CHEBI:29985,C2-C5,C6H7O3NF3,199,33145,m1,0.4,%
Ctr_18h_glu_r2_i2,Glucose,"1,1,0,0,0,0",0.4175,2,2,Ctr,18,hour,30_E11.CDF,3.6,min,L-Glutamate,CHEBI:29985,C2-C5,C6H7O3NF3,200,5550,m2,0.36,%
Ctr_18h_glu_r2_i2,Glucose,"1,1,0,0,0,0",0.4175,2,2,Ctr,18,hour,30_E11.CDF,3.6,min,L-Glutamate,CHEBI:29985,C2-C5,C6H7O3NF3,201,414,m3,0.04,%
Ctr_18h_glu_r2_i2,Glucose,"1,1,0,0,0,0",0.4175,2,2,Ctr,18,hour,30_E11.CDF,3.6,min,L-Glutamate,CHEBI:29985,C2-C5,C6H7O3NF3,202,695,m4,0.01,%
ID8_18h_glu_r1_i1,Glucose,"1,1,0,0,0,0",0.4175,1,1,ID8,18,hour,35_E22.CDF,3.6,min,L-Glutamate,CHEBI:29985,C2-C4,C5H5ONF3,151,4014,,,
ID8_18h_glu_r1_i1,Glucose,"1,1,0,0,0,0",0.4175,1,1,ID8,18,hour,35_E22.CDF,3.6,min,L-Glutamate,CHEBI:29985,C2-C4,C5H5ONF3,152,457322,m0,98.71,%
ID8_18h_glu_r1_i1,Glucose,"1,1,0,0,0,0",0.4175,1,1,ID8,18,hour,35_E22.CDF,3.6,min,L-Glutamate,CHEBI:29985,C2-C4,C5H5ONF3,153,74882,m1,1.06,%
ID8_18h_glu_r1_i1,Glucose,"1,1,0,0,0,0",0.4175,1,1,ID8,18,hour,35_E22.CDF,3.6,min,L-Glutamate,CHEBI:29985,C2-C4,C5H5ONF3,154,9652,m2,0.22,%
ID8_18h_glu_r1_i1,Glucose,"1,1,0,0,0,0",0.4175,1,1,ID8,18,hour,35_E22.CDF,3.6,min,L-Glutamate,CHEBI:29985,C2-C4,C5H5ONF3,155,2071,m3,0.01,%
ID8_18h_glu_r1_i1,Glucose,"1,1,0,0,0,0",0.4175,1,1,ID8,18,hour,35_E22.CDF,3.6,min,L-Glutamate,CHEBI:29985,C2-C4,C5H5ONF3,156,1985,,,
ID8_18h_glu_r1_i1,Glucose,"1,1,0,0,0,0",0.4175,1,1,ID8,18,hour,35_E22.CDF,3.6,min,L-Glutamate,CHEBI:29985,C2-C4,C5H5ONF3,157,333,,,
ID8_18h_glu_r1_i1,Glucose,"1,1,0,0,0,0",0.4175,1,1,ID8,18,hour,35_E22.CDF,3.6,min,L-Glutamate,CHEBI:29985,C2-C5,C6H7O3NF3,197,3893,,,
ID8_18h_glu_r1_i1,Glucose,"1,1,0,0,0,0",0.4175,1,1,ID8,18,hour,35_E22.CDF,3.6,min,L-Glutamate,CHEBI:29985,C2-C5,C6H7O3NF3,198,558548,m0,98.51,%
ID8_18h_glu_r1_i1,Glucose,"1,1,0,0,0,0",0.4175,1,1,ID8,18,hour,35_E22.CDF,3.6,min,L-Glutamate,CHEBI:29985,C2-C5,C6H7O3NF3,199,42872,m1,0.48,%
ID8_18h_glu_r1_i1,Glucose,"1,1,0,0,0,0",0.4175,1,1,ID8,18,hour,35_E22.CDF,3.6,min,L-Glutamate,CHEBI:29985,C2-C5,C6H7O3NF3,200,10589,m2,0.95,%
ID8_18h_glu_r1_i1,Glucose,"1,1,0,0,0,0",0.4175,1,1,ID8,18,hour,35_E22.CDF,3.6,min,L-Glutamate,CHEBI:29985,C2-C5,C6H7O3NF3,201,664,m3,0.03,%
ID8_18h_glu_r1_i1,Glucose,"1,1,0,0,0,0",0.4175,1,1,ID8,18,hour,35_E22.CDF,3.6,min,L-Glutamate,CHEBI:29985,C2-C5,C6H7O3NF3,202,987,m4,0.02,%
ID8_18h_glu_r1_i2,Glucose,"1,1,0,0,0,0",0.4175,2,1,ID8,18,hour,47_E22.CDF,3.6,min,L-Glutamate,CHEBI:29985,C2-C4,C5H5ONF3,151,4517,,,
ID8_18h_glu_r1_i2,Glucose,"1,1,0,0,0,0",0.4175,2,1,ID8,18,hour,47_E22.CDF,3.6,min,L-Glutamate,CHEBI:29985,C2-C4,C5H5ONF3,152,512037,m0,98.76,%
ID8_18h_glu_r1_i2,Glucose,"1,1,0,0,0,0",0.4175,2,1,ID8,18,hour,47_E22.CDF,3.6,min,L-Glutamate,CHEBI:29985,C2-C4,C5H5ONF3,153,83792,m1,1.05,%
ID8_18h_glu_r1_i2,Glucose,"1,1,0,0,0,0",0.4175,2,1,ID8,18,hour,47_E22.CDF,3.6,min,L-Glutamate,CHEBI:29985,C2-C4,C5H5ONF3,154,10837,m2,0.22,%
ID8_18h_glu_r1_i2,Glucose,"1,1,0,0,0,0",0.4175,2,1,ID8,18,hour,47_E22.CDF,3.6,min,L-Glutamate,CHEBI:29985,C2-C4,C5H5ONF3,155,2060,m3,-0.04,%
ID8_18h_glu_r1_i2,Glucose,"1,1,0,0,0,0",0.4175,2,1,ID8,18,hour,47_E22.CDF,3.6,min,L-Glutamate,CHEBI:29985,C2-C4,C5H5ONF3,156,2155,,,
ID8_18h_glu_r1_i2,Glucose,"1,1,0,0,0,0",0.4175,2,1,ID8,18,hour,47_E22.CDF,3.6,min,L-Glutamate,CHEBI:29985,C2-C4,C5H5ONF3,157,350,,,
ID8_18h_glu_r1_i2,Glucose,"1,1,0,0,0,0",0.4175,2,1,ID8,18,hour,47_E22.CDF,3.6,min,L-Glutamate,CHEBI:29985,C2-C5,C6H7O3NF3,197,4299,,,
ID8_18h_glu_r1_i2,Glucose,"1,1,0,0,0,0",0.4175,2,1,ID8,18,hour,47_E22.CDF,3.6,min,L-Glutamate,CHEBI:29985,C2-C5,C6H7O3NF3,198,625046,m0,98.48,%
ID8_18h_glu_r1_i2,Glucose,"1,1,0,0,0,0",0.4175,2,1,ID8,18,hour,47_E22.CDF,3.6,min,L-Glutamate,CHEBI:29985,C2-C5,C6H7O3NF3,199,48112,m1,0.5,%
ID8_18h_glu_r1_i2,Glucose,"1,1,0,0,0,0",0.4175,2,1,ID8,18,hour,47_E22.CDF,3.6,min,L-Glutamate,CHEBI:29985,C2-C5,C6H7O3NF3,200,11907,m2,0.96,%
ID8_18h_glu_r1_i2,Glucose,"1,1,0,0,0,0",0.4175,2,1,ID8,18,hour,47_E22.CDF,3.6,min,L-Glutamate,CHEBI:29985,C2-C5,C6H7O3NF3,201,775,m3,0.04,%
ID8_18h_glu_r1_i2,Glucose,"1,1,0,0,0,0",0.4175,2,1,ID8,18,hour,47_E22.CDF,3.6,min,L-Glutamate,CHEBI:29985,C2-C5,C6H7O3NF3,202,1086,m4,0.02,%
ID8_18h_glu_r2_i1,Glucose,"1,1,0,0,0,0",0.4175,1,2,ID8,18,hour,41_E24.CDF,3.6,min,L-Glutamate,CHEBI:29985,C2-C4,C5H5ONF3,151,4278,,,
ID8_18h_glu_r2_i1,Glucose,"1,1,0,0,0,0",0.4175,1,2,ID8,18,hour,41_E24.CDF,3.6,min,L-Glutamate,CHEBI:29985,C2-C4,C5H5ONF3,152,490044,m0,99.46,%
ID8_18h_glu_r2_i1,Glucose,"1,1,0,0,0,0",0.4175,1,2,ID8,18,hour,41_E24.CDF,3.6,min,L-Glutamate,CHEBI:29985,C2-C4,C5H5ONF3,153,77718,m1,0.57,%
ID8_18h_glu_r2_i1,Glucose,"1,1,0,0,0,0",0.4175,1,2,ID8,18,hour,41_E24.CDF,3.6,min,L-Glutamate,CHEBI:29985,C2-C4,C5H5ONF3,154,9197,m2,0.06,%
ID8_18h_glu_r2_i1,Glucose,"1,1,0,0,0,0",0.4175,1,2,ID8,18,hour,41_E24.CDF,3.6,min,L-Glutamate,CHEBI:29985,C2-C4,C5H5ONF3,155,1572,m3,-0.09,%
ID8_18h_glu_r2_i1,Glucose,"1,1,0,0,0,0",0.4175,1,2,ID8,18,hour,41_E24.CDF,3.6,min,L-Glutamate,CHEBI:29985,C2-C4,C5H5ONF3,156,2016,,,
ID8_18h_glu_r2_i1,Glucose,"1,1,0,0,0,0",0.4175,1,2,ID8,18,hour,41_E24.CDF,3.6,min,L-Glutamate,CHEBI:29985,C2-C4,C5H5ONF3,157,278,,,
ID8_18h_glu_r2_i1,Glucose,"1,1,0,0,0,0",0.4175,1,2,ID8,18,hour,41_E24.CDF,3.6,min,L-Glutamate,CHEBI:29985,C2-C5,C6H7O3NF3,197,4093,,,
ID8_18h_glu_r2_i1,Glucose,"1,1,0,0,0,0",0.4175,1,2,ID8,18,hour,41_E24.CDF,3.6,min,L-Glutamate,CHEBI:29985,C2-C5,C6H7O3NF3,198,598469,m0,99.11,%
ID8_18h_glu_r2_i1,Glucose,"1,1,0,0,0,0",0.4175,1,2,ID8,18,hour,41_E24.CDF,3.6,min,L-Glutamate,CHEBI:29985,C2-C5,C6H7O3NF3,199,45105,m1,0.35,%
ID8_18h_glu_r2_i1,Glucose,"1,1,0,0,0,0",0.4175,1,2,ID8,18,hour,41_E24.CDF,3.6,min,L-Glutamate,CHEBI:29985,C2-C5,C6H7O3NF3,200,8537,m2,0.52,%
ID8_18h_glu_r2_i1,Glucose,"1,1,0,0,0,0",0.4175,1,2,ID8,18,hour,41_E24.CDF,3.6,min,L-Glutamate,CHEBI:29985,C2-C5,C6H7O3NF3,201,483,m3,0.02,%
ID8_18h_glu_r2_i1,Glucose,"1,1,0,0,0,0",0.4175,1,2,ID8,18,hour,41_E24.CDF,3.6,min,L-Glutamate,CHEBI:29985,C2-C5,C6H7O3NF3,202,915,m4,0,%
ID8_18h_glu_r2_i2,Glucose,"1,1,0,0,0,0",0.4175,2,2,ID8,18,hour,54_E24.CDF,3.6,min,L-Glutamate,CHEBI:29985,C2-C4,C5H5ONF3,151,5811,,,
ID8_18h_glu_r2_i2,Glucose,"1,1,0,0,0,0",0.4175,2,2,ID8,18,hour,54_E24.CDF,3.6,min,L-Glutamate,CHEBI:29985,C2-C4,C5H5ONF3,152,659027,m0,99.47,%
ID8_18h_glu_r2_i2,Glucose,"1,1,0,0,0,0",0.4175,2,2,ID8,18,hour,54_E24.CDF,3.6,min,L-Glutamate,CHEBI:29985,C2-C4,C5H5ONF3,153,104376,m1,0.54,%
ID8_18h_glu_r2_i2,Glucose,"1,1,0,0,0,0",0.4175,2,2,ID8,18,hour,54_E24.CDF,3.6,min,L-Glutamate,CHEBI:29985,C2-C4,C5H5ONF3,154,12456,m2,0.08,%
ID8_18h_glu_r2_i2,Glucose,"1,1,0,0,0,0",0.4175,2,2,ID8,18,hour,54_E24.CDF,3.6,min,L-Glutamate,CHEBI:29985,C2-C4,C5H5ONF3,155,2123,m3,-0.09,%
ID8_18h_glu_r2_i2,Glucose,"1,1,0,0,0,0",0.4175,2,2,ID8,18,hour,54_E24.CDF,3.6,min,L-Glutamate,CHEBI:29985,C2-C4,C5H5ONF3,156,2744,,,
ID8_18h_glu_r2_i2,Glucose,"1,1,0,0,0,0",0.4175,2,2,ID8,18,hour,54_E24.CDF,3.6,min,L-Glutamate,CHEBI:29985,C2-C4,C5H5ONF3,157,418,,,
ID8_18h_glu_r2_i2,Glucose,"1,1,0,0,0,0",0.4175,2,2,ID8,18,hour,54_E24.CDF,3.6,min,L-Glutamate,CHEBI:29985,C2-C5,C6H7O3NF3,197,5418,,,
ID8_18h_glu_r2_i2,Glucose,"1,1,0,0,0,0",0.4175,2,2,ID8,18,hour,54_E24.CDF,3.6,min,L-Glutamate,CHEBI:29985,C2-C5,C6H7O3NF3,198,805651,m0,99.11,%
ID8_18h_glu_r2_i2,Glucose,"1,1,0,0,0,0",0.4175,2,2,ID8,18,hour,54_E24.CDF,3.6,min,L-Glutamate,CHEBI:29985,C2-C5,C6H7O3NF3,199,60568,m1,0.34,%
ID8_18h_glu_r2_i2,Glucose,"1,1,0,0,0,0",0.4175,2,2,ID8,18,hour,54_E24.CDF,3.6,min,L-Glutamate,CHEBI:29985,C2-C5,C6H7O3NF3,200,11579,m2,0.53,%
ID8_18h_glu_r2_i2,Glucose,"1,1,0,0,0,0",0.4175,2,2,ID8,18,hour,54_E24.CDF,3.6,min,L-Glutamate,CHEBI:29985,C2-C5,C6H7O3NF3,201,638,m3,0.02,%
ID8_18h_glu_r2_i2,Glucose,"1,1,0,0,0,0",0.4175,2,2,ID8,18,hour,54_E24.CDF,3.6,min,L-Glutamate,CHEBI:29985,C2-C5,C6H7O3NF3,202,1258,m4,0.01,%
coldnat_glu_i1,,,,1,,cold_natural,,hour,07_coldnat_E27.CDF,3.6,min,L-Glutamate,CHEBI:29985,C2-C4,C5H5ONF3,151,6443,,,
coldnat_glu_i1,,,,1,,cold_natural,,hour,07_coldnat_E27.CDF,3.6,min,L-Glutamate,CHEBI:29985,C2-C4,C5H5ONF3,152,715192,m0,100.05,%
coldnat_glu_i1,,,,1,,cold_natural,,hour,07_coldnat_E27.CDF,3.6,min,L-Glutamate,CHEBI:29985,C2-C4,C5H5ONF3,153,108876,m1,-0.06,%
coldnat_glu_i1,,,,1,,cold_natural,,hour,07_coldnat_E27.CDF,3.6,min,L-Glutamate,CHEBI:29985,C2-C4,C5H5ONF3,154,12293,m2,-0.01,%
coldnat_glu_i1,,,,1,,cold_natural,,hour,07_coldnat_E27.CDF,3.6,min,L-Glutamate,CHEBI:29985,C2-C4,C5H5ONF3,155,2941,m3,0.01,%
coldnat_glu_i1,,,,1,,cold_natural,,hour,07_coldnat_E27.CDF,3.6,min,L-Glutamate,CHEBI:29985,C2-C4,C5H5ONF3,156,2648,,,
coldnat_glu_i1,,,,1,,cold_natural,,hour,07_coldnat_E27.CDF,3.6,min,L-Glutamate,CHEBI:29985,C2-C4,C5H5ONF3,157,399,,,
coldnat_glu_i1,,,,1,,cold_natural,,hour,07_coldnat_E27.CDF,3.6,min,L-Glutamate,CHEBI:29985,C2-C5,C6H7O3NF3,197,5956,,,
coldnat_glu_i1,,,,1,,cold_natural,,hour,07_coldnat_E27.CDF,3.6,min,L-Glutamate,CHEBI:29985,C2-C5,C6H7O3NF3,198,863966,m0,100.04,%
coldnat_glu_i1,,,,1,,cold_natural,,hour,07_coldnat_E27.CDF,3.6,min,L-Glutamate,CHEBI:29985,C2-C5,C6H7O3NF3,199,61572,m1,-0.04,%
coldnat_glu_i1,,,,1,,cold_natural,,hour,07_coldnat_E27.CDF,3.6,min,L-Glutamate,CHEBI:29985,C2-C5,C6H7O3NF3,200,7432,m2,0,%
coldnat_glu_i1,,,,1,,cold_natural,,hour,07_coldnat_E27.CDF,3.6,min,L-Glutamate,CHEBI:29985,C2-C5,C6H7O3NF3,201,251,m3,-0.01,%
coldnat_glu_i1,,,,1,,cold_natural,,hour,07_coldnat_E27.CDF,3.6,min,L-Glutamate,CHEBI:29985,C2-C5,C6H7O3NF3,202,1242,m4,0,%
coldnat_glu_i2,,,,2,,cold_natural,,hour,11_coldnat_E27.CDF,3.6,min,L-Glutamate,CHEBI:29985,C2-C4,C5H5ONF3,151,3959,,,
coldnat_glu_i2,,,,2,,cold_natural,,hour,11_coldnat_E27.CDF,3.6,min,L-Glutamate,CHEBI:29985,C2-C4,C5H5ONF3,152,455483,m0,99.95,%
coldnat_glu_i2,,,,2,,cold_natural,,hour,11_coldnat_E27.CDF,3.6,min,L-Glutamate,CHEBI:29985,C2-C4,C5H5ONF3,153,69877,m1,0.06,%
coldnat_glu_i2,,,,2,,cold_natural,,hour,11_coldnat_E27.CDF,3.6,min,L-Glutamate,CHEBI:29985,C2-C4,C5H5ONF3,154,7958,m2,0.01,%
coldnat_glu_i2,,,,2,,cold_natural,,hour,11_coldnat_E27.CDF,3.6,min,L-Glutamate,CHEBI:29985,C2-C4,C5H5ONF3,155,1755,m3,-0.01,%
coldnat_glu_i2,,,,2,,cold_natural,,hour,11_coldnat_E27.CDF,3.6,min,L-Glutamate,CHEBI:29985,C2-C4,C5H5ONF3,156,1846,,,
coldnat_glu_i2,,,,2,,cold_natural,,hour,11_coldnat_E27.CDF,3.6,min,L-Glutamate,CHEBI:29985,C2-C4,C5H5ONF3,157,382,,,
coldnat_glu_i2,,,,2,,cold_natural,,hour,11_coldnat_E27.CDF,3.6,min,L-Glutamate,CHEBI:29985,C2-C5,C6H7O3NF3,197,3838,,,
coldnat_glu_i2,,,,2,,cold_natural,,hour,11_coldnat_E27.CDF,3.6,min,L-Glutamate,CHEBI:29985,C2-C5,C6H7O3NF3,198,551196,m0,99.96,%
coldnat_glu_i2,,,,2,,cold_natural,,hour,11_coldnat_E27.CDF,3.6,min,L-Glutamate,CHEBI:29985,C2-C5,C6H7O3NF3,199,39682,m1,0.04,%
coldnat_glu_i2,,,,2,,cold_natural,,hour,11_coldnat_E27.CDF,3.6,min,L-Glutamate,CHEBI:29985,C2-C5,C6H7O3NF3,200,4747,m2,0,%
coldnat_glu_i2,,,,2,,cold_natural,,hour,11_coldnat_E27.CDF,3.6,min,L-Glutamate,CHEBI:29985,C2-C5,C6H7O3NF3,201,246,m3,0.01,%
coldnat_glu_i2,,,,2,,cold_natural,,hour,11_coldnat_E27.CDF,3.6,min,L-Glutamate,CHEBI:29985,C2-C5,C6H7O3NF3,202,821,m4,0,%
